{
  "filename": "00396895000125-000148-2024.pdf",
  "success": false,
  "processing_time": 8.024439334869385,
  "error": "'charmap' codec can't encode character '\\ufb01' in position 2253: character maps to <undefined>",
  "steps_completed": [
    "ai_analysis"
  ],
  "extracted_json": "{\n  \"numero_contrato\": \"14/2024\",\n  \"tipo_instrumento\": \"Contrato Administrativo\",\n  \"processo_administrativo\": \"21000.020025/2023-02\",\n  \"data_celebracao\": \"09/05/2024\",\n  \"orgao_contratante\": {\n    \"razao_social\": \"MINISTÉRIO DA AGRICULTURA E PECUÁRIA\",\n    \"sigla\": \"MAPA\",\n    \"cnpj\": \"00.396.895/0011-05\"\n  },\n  \"empresa_contratada\": {\n    \"razao_social\": \"INGRAM MICRO BRASIL LTDA.\",\n    \"cnpj\": \"01.771.935/0010-25\"\n  },\n  \"itens\": [\n    {\n      \"descricao\": \"Firewall - Solução de plataforma de segurança denominada Next Genera\\u0001on Firewall (NGFW) com instalação, suporte, garan\\u0001a e  licenciamento inclusos.\",\n      \"especificacao\": \"Firewall - Solução de plataforma de segurança denominada Next Genera\\u0001on Firewall (NGFW) com instalação, suporte, garan\\u0001a e  licenciamento inclusos.\",\n      \"unidade_medida\": \"UNIDADE\",\n      \"quantidade\": \"04\",\n      \"valor_unitario\": \"R$ 1.062.500\",\n      \"valor_total\": \"R$ 4.250.000,00\",\n      \"catmat_catser\": \"484747\",\n      \"tipo\": \"Serviço\",\n      \"locais_execucao_entrega\": \"Brasília (DF)\"\n    },\n    {\n      \"descricao\": \"Solução de armazenamento de logs e relatoria, com instalação, suporte, garan\\u0001a e  licenciamento inclusos.\",\n      \"especificacao\": \"Solução de armazenamento de logs e relatoria, com instalação, suporte, garan\\u0001a e  licenciamento inclusos.\",\n      \"unidade_medida\": \"UNIDADE\",\n      \"quantidade\": \"01\",\n      \"valor_unitario\": \"R$ 85.500,00\",\n      \"valor_total\": \"R$ 85.500,00\",\n      \"catmat_catser\": \"481647\",\n      \"tipo\": \"Serviço\",\n      \"locais_execucao_entrega\": \"Brasília (DF)\"\n    },\n    {\n      \"descricao\": \"Solução para gerenciamento centralizado dos equipamentos, com instalação, suporte, garan\\u0001a e  licenciamento inclusos.\",\n      \"especificacao\": \"Solução para gerenciamento centralizado dos equipamentos, com instalação, suporte, garan\\u0001a e  licenciamento inclusos.\",\n      \"unidade_medida\": \"UNIDADE\",\n      \"quantidade\": \"01\",\n      \"valor_unitario\": \"R$ 102.900,00\",\n      \"valor_total\": \"R$ 102.900,00\",\n      \"catmat_catser\": \"481646\",\n      \"tipo\": \"Serviço\",\n      \"locais_execucao_entrega\": \"Brasília (DF)\"\n    },\n    {\n      \"descricao\": \"Treinamento ministrado por proﬁssional cer\\u0001ﬁcado pelo fabricante.\",\n      \"especificacao\": \"Treinamento ministrado por proﬁssional cer\\u0001ﬁcado pelo fabricante.\",\n      \"unidade_medida\": \"CAPACITAÇÃO\",\n      \"quantidade\": \"01\",\n      \"valor_unitario\": \"R$ 18.500,00\",\n      \"valor_total\": \"R$ 18.500,00\",\n      \"catmat_catser\": \"16837\",\n      \"tipo\": \"Serviço\",\n      \"locais_execucao_entrega\": \"Brasília (DF)\"\n    },\n    {\n      \"descricao\": \"Plataforma de ZTNA - Zero Trust Network Access,  com instalação, suporte, garan\\u0001a e licenciamento inclusos.\",\n      \"especificacao\": \"Plataforma de ZTNA - Zero Trust Network Access,  com instalação, suporte, garan\\u0001a e licenciamento inclusos.\",\n      \"unidade_medida\": \"SERVIÇO\",\n      \"quantidade\": \"01\",\n      \"valor_unitario\": \"R$ 737.000,00\",\n      \"valor_total\": \"R$ 737.000,00\",\n      \"catmat_catser\": \"27472\",\n      \"tipo\": \"Serviço\",\n      \"locais_execucao_entrega\": \"Brasília (DF)\"\n    }\n  ],\n  \"fonte_preco\": \"Contrato\",\n  \"referencia_contrato\": \"14/2024\",\n  \"anexo_contrato\": \"https://sei.agro.gov.br/sei/controlador.php?acao=documento_imprimir_web&acao_origem=arvore_visualizar&id_documento=48148160&infra_si…\",\n  \"status_extracao\": \"Sucesso\"\n}",
  "moved_pdf_path": "PdfLidos\\00396895000125-000148-2024.pdf"
}