{
  "numero_contrato": "24/2024",
  "tipo_instrumento": "Contrato",
  "processo_administrativo": "04043-00001698/2023-30",
  "data_celebracao": null,
  "orgao_contratante": {
    "razao_social": "DISTRITO FEDERAL, POR INTERMÉDIO DA VICE-GOVERNADORIA DO DISTRITO FEDERAL",
    "sigla": "VGDF",
    "cnpj": "07.187.000/0001-91"
  },
  "empresa_contratada": {
    "razao_social": "53.111.194 MATHEUS LETTIERY SILVA NASCIMENTO",
    "cnpj": "53.111.194/0001-69"
  },
  "itens": [
    {
      "descricao": "Estabilizador de para celular 3 eixos",
      "especificacao": "Tipo mão , Comunicação: Bluetooth; Conﬁgurado para câmeras de ação; Conﬁgurado para Smartphones; Titulação ângulo 270 graus, Ângulo de rolamento de180 graus, Ângulo panorâmico 320 graus; Tamanho 291x120x50mm",
      "unidade_medida": "UNID",
      "quantidade": "01",
      "valor_unitario": "R$ 745,00",
      "valor_total": "R$ 745,00",
      "catmat_catser": "485492",
      "tipo": "Material",
      "locais_execucao_entrega": "LAGO SUL/DF"
    },
    {
      "descricao": "Iluminador LED 18 Polegadas, 46CM, RingLight 45 W, C/Tripe 1,80 m + 3 suporte tipo de lâmpada LED",
      "especificacao": "Potência 12v/5a, Ajuste de Brilho , Iluminação geral 6000Lúmens, Modo de cor: 2/3200k, 580oc(6 luzes amarelas)",
      "unidade_medida": "UNID",
      "quantidade": "02",
      "valor_unitario": "R$ 225,00",
      "valor_total": "R$ 450,00",
      "catmat_catser": "600317",
      "tipo": "Material",
      "locais_execucao_entrega": "LAGO SUL/DF"
    },
    {
      "descricao": "Kit Youtuber 2 Softbox 50 X 70 E27 Luz + 2Tripés 2 m",
      "especificacao": null,
      "unidade_medida": "UNID",
      "quantidade": "01",
      "valor_unitario": "R$ 475,00",
      "valor_total": "R$ 475,00",
      "catmat_catser": "452766",
      "tipo": "Material",
      "locais_execucao_entrega": "LAGO SUL/DF"
    },
    {
      "descricao": "HD Externo 4tb",
      "especificacao": null,
      "unidade_medida": "UNID",
      "quantidade": "02",
      "valor_unitario": "R$ 800,00",
      "valor_total": "R$ 1.600,00",
      "catmat_catser": "611530",
      "tipo": "Material",
      "locais_execucao_entrega": "LAGO SUL/DF"
    },
    {
      "descricao": "Radio Flash C/2 Receptores Para DslrCanon Nikon 16 Canais",
      "especificacao": "Frequencia433MHz",
      "unidade_medida": "UNID",
      "quantidade": "01",
      "valor_unitario": "R$ 350,00",
      "valor_total": "R$ 350,00",
      "catmat_catser": "407103",
      "tipo": "Material",
      "locais_execucao_entrega": "LAGO SUL/DF"
    },
    {
      "descricao": "Microfone Lapela Sem Fio – Anrruído",
      "especificacao": "Transmissão Sem Fio 200 Metros, 8 Horas de Duração da Bateria, Microfone Duplo",
      "unidade_medida": "UNID",
      "quantidade": "01",
      "valor_unitario": "R$ 910,00",
      "valor_total": "R$ 910,00",
      "catmat_catser": "610412",
      "tipo": "Material",
      "locais_execucao_entrega": "LAGO SUL/DF"
    }
  ],
  "fonte_preco": "Contrato",
  "referencia_contrato": "24/2024",
  "anexo_contrato": null,
  "status_extracao": "Sucesso"
}