{
  "filename": "00396895000125-000164-2024.pdf",
  "success": true,
  "processing_time": 5.396727800369263,
  "error": null,
  "steps_completed": [
    "ai_analysis",
    "json_saved",
    "json_parsed"
  ],
  "extracted_json": "{\n  \"numero_contrato\": \"16/2024\",\n  \"tipo_instrumento\": \"Contrato Administrativo\",\n  \"processo_administrativo\": \"21000.007910/2024-79\",\n  \"data_celebracao\": \"24/05/2024\",\n  \"orgao_contratante\": {\n    \"razao_social\": \"MINISTÉRIO DA AGRICULTURA E PECUÁRIA\",\n    \"sigla\": \"MAPA\",\n    \"cnpj\": \"00.396.895/0011-05\"\n  },\n  \"empresa_contratada\": {\n    \"razao_social\": \"MICROTECNICA INFORMATICA LTDA.\",\n    \"cnpj\": \"01.590.728/0002-64\"\n  },\n  \"itens\": [\n    {\n      \"descricao\": \"Ar Condicionado\",\n      \"especificacao\": \"12.000 BTUs\",\n      \"unidade_medida\": \"unidade\",\n      \"quantidade\": \"79\",\n      \"valor_unitario\": \"R$ 1.964,56\",\n      \"valor_total\": \"R$ 155.200,24\",\n      \"catmat_catser\": \"440744\",\n      \"tipo\": \"Material\",\n      \"locais_execucao_entrega\": \"BRASÍLIA (DF)\"\n    },\n    {\n      \"descricao\": \"Ar Condicionado\",\n      \"especificacao\": \"18.000 BTUs\",\n      \"unidade_medida\": \"unidade\",\n      \"quantidade\": \"82\",\n      \"valor_unitario\": \"R$ 2.761,26\",\n      \"valor_total\": \"R$ 226.423,32\",\n      \"catmat_catser\": \"440745\",\n      \"tipo\": \"Material\",\n      \"locais_execucao_entrega\": \"BRASÍLIA (DF)\"\n    },\n    {\n      \"descricao\": \"Ar Condicionado\",\n      \"especificacao\": \"24.000 BTUs\",\n      \"unidade_medida\": \"unidade\",\n      \"quantidade\": \"75\",\n      \"valor_unitario\": \"R$ 3.672,73\",\n      \"valor_total\": \"R$ 275.454,75\",\n      \"catmat_catser\": \"440747\",\n      \"tipo\": \"Material\",\n      \"locais_execucao_entrega\": \"BRASÍLIA (DF)\"\n    }\n  ],\n  \"fonte_preco\": \"Contrato\",\n  \"referencia_contrato\": \"16/2024\",\n  \"anexo_contrato\": \"https://sei.agro.gov.br/sei/controlador.php?acao=documento_imprimir_web&acao_origem=arvore_visualizar&id_documento=48471178&infra_sist…\",\n  \"status_extracao\": \"Sucesso\"\n}",
  "moved_pdf_path": "PdfLidos\\00396895000125-000164-2024.pdf"
}