{
  "numero_contrato": "34/2024",
  "tipo_instrumento": "Contrato",
  "processo_administrativo": "04043-00000558/2024-25",
  "data_celebracao": null,
  "orgao_contratante": {
    "razao_social": "DISTRITO FEDERAL",
    "sigla": "VGDF",
    "cnpj": "07.187.000/0001-91"
  },
  "empresa_contratada": {
    "razao_social": "CASA ATIVA LTDA",
    "cnpj": "15.200.867/0001-68"
  },
  "itens": [
    {
      "descricao": "Fogão industrial em aço inox",
      "especificacao": "Fogão industrial em aço inox, 90cm, 6 bocas. Especificações técnicas mínimas: Queimadores superiores 5 grandes e um pequeno e grelhas de ferro fundido com acabamento esmaltado a fogo Revestimento externo em aço inoxidável Acendimento automático elétrico para todos os queimadores Forno de alto rendimento, com capacidade de aquecimento de até 300°C. Modelo/qualidade similar ao fogão Don Bidone Venâncio ou superior. Garantia: 1 ano.",
      "unidade_medida": "Unidade",
      "quantidade": "1",
      "valor_unitario": "R$ 6.130,81",
      "valor_total": "R$ 6.130,81",
      "catmat_catser": "451454",
      "tipo": "Material",
      "locais_execucao_entrega": "LAGO SUL (DF)"
    }
  ],
  "fonte_preco": "Contrato",
  "referencia_contrato": "34/2024",
  "anexo_contrato": null,
  "status_extracao": "Sucesso"
}