{
  "filename": "00396895000125-000207-2024.pdf",
  "success": true,
  "processing_time": 4.334363698959351,
  "error": null,
  "steps_completed": [
    "ai_analysis",
    "json_saved",
    "json_parsed"
  ],
  "extracted_json": "{\n  \"numero_contrato\": \"8/2024\",\n  \"tipo_instrumento\": \"Contrato\",\n  \"processo_administrativo\": \"21028.003247/2024-25\",\n  \"data_celebracao\": \"01/07/2024\",\n  \"orgao_contratante\": {\n    \"razao_social\": \"Superintendência de Agricultura e Pecuária em Minas Gerais\",\n    \"sigla\": \"SFA-MG\",\n    \"cnpj\": \"00.396.895/0026-83\"\n  },\n  \"empresa_contratada\": {\n    \"razao_social\": \"SEGEX SEGURANÇA PRIVADA LTDA\",\n    \"cnpj\": \"12.751.850/0001-00\"\n  },\n  \"itens\": [\n    {\n      \"descricao\": \"Vigilante Armado Diurno 12x36\",\n      \"especificacao\": \"Posto\",\n      \"unidade_medida\": \"Posto\",\n      \"quantidade\": \"2\",\n      \"valor_unitario\": \"R$ 13.500,00\",\n      \"valor_total\": \"R$ 27.000,00\",\n      \"catmat_catser\": \"24015\",\n      \"tipo\": \"Serviço\",\n      \"locais_execucao_entrega\": \"Belo Horizonte (MG)\"\n    },\n    {\n      \"descricao\": \"Vigilante Armado Noturno 12x36\",\n      \"especificacao\": \"Posto\",\n      \"unidade_medida\": \"Posto\",\n      \"quantidade\": \"2\",\n      \"valor_unitario\": \"R$ 16.000,00\",\n      \"valor_total\": \"R$ 32.000,00\",\n      \"catmat_catser\": \"24015\",\n      \"tipo\": \"Serviço\",\n      \"locais_execucao_entrega\": \"Belo Horizonte (MG)\"\n    }\n  ],\n  \"fonte_preco\": \"Contrato\",\n  \"referencia_contrato\": \"8/2024\",\n  \"anexo_contrato\": \"https://sei.agro.gov.br/sei/controlador.php?acao=documento_imprimir_web&acao_origem=arvore_visualizar&id_documento=49202547&infra_…\",\n  \"status_extracao\": \"Sucesso\"\n}",
  "moved_pdf_path": "PdfLidos\\00396895000125-000207-2024.pdf"
}