{
  "filename": "00394684000153-000078-2024.pdf",
  "success": true,
  "processing_time": 4.051532506942749,
  "error": null,
  "steps_completed": [
    "ai_analysis",
    "json_saved",
    "json_parsed"
  ],
  "extracted_json": "{\n  \"numero_contrato\": \"23/2024\",\n  \"tipo_instrumento\": \"Contrato de Prestação de Serviços\",\n  \"processo_administrativo\": \"04043-00000395/2024-81\",\n  \"data_celebracao\": null,\n  \"orgao_contratante\": {\n    \"razao_social\": \"DISTRITO FEDERAL\",\n    \"sigla\": \"SEFJ\",\n    \"cnpj\": \"33.861.706/0001-05\"\n  },\n  \"empresa_contratada\": {\n    \"razao_social\": \"MCR SISTEMAS E CONSULTORIA LTDA\",\n    \"cnpj\": \"04.198.254/0001-17\"\n  },\n  \"itens\": [\n    {\n      \"descricao\": \"Licenças de uso do Software Adobe Creative Cloud VIP Teams All Apps, com licenciamento subscrição por usuário nomeado, em sua versão mais recente e com serviço de suporte técnico e garantia de atualização pelo período de 12 (doze) meses.\",\n      \"especificacao\": \"Marca/Fabricante: Adobe System. Modelo: Creative Cloud.\",\n      \"unidade_medida\": \"unidade\",\n      \"quantidade\": \"01\",\n      \"valor_unitario\": \"R$ 4.828,00\",\n      \"valor_total\": \"R$ 4.828,00\",\n      \"catmat_catser\": \"27502\",\n      \"tipo\": \"Serviço\",\n      \"locais_execucao_entrega\": \"Brasília (DF)\"\n    }\n  ],\n  \"fonte_preco\": \"Contrato\",\n  \"referencia_contrato\": \"23/2024\",\n  \"anexo_contrato\": null,\n  \"status_extracao\": \"Sucesso\"\n}",
  "moved_pdf_path": "PdfLidos\\00394684000153-000078-2024.pdf"
}