{
  "filename": "00396895000125-000007-2024.pdf",
  "success": true,
  "processing_time": 4.37647271156311,
  "error": null,
  "steps_completed": [
    "ai_analysis",
    "json_saved",
    "json_parsed"
  ],
  "extracted_json": "{\n  \"numero_contrato\": \"01/2024\",\n  \"tipo_instrumento\": \"Contrato\",\n  \"processo_administrativo\": \"21043.000537/2023-48\",\n  \"data_celebracao\": null,\n  \"orgao_contratante\": {\n    \"razao_social\": \"LABORATÓRIO FEDERAL DE DEFESA AGROPECUÁRIA – LFDA/RS\",\n    \"sigla\": \"LFDA/RS\",\n    \"cnpj\": \"00.396.895/0045-46\"\n  },\n  \"empresa_contratada\": {\n    \"razao_social\": \"LABWARE BRASIL SERVIÇOS DE INFORMATICA LTDA.\",\n    \"cnpj\": \"13.011.238/0001-64\"\n  },\n  \"itens\": [\n    {\n      \"descricao\": \"Horas técnicas para utilização em ações de manutenções evolutivas do sistema LIMS Labware em utilização na Rede LFDA\",\n      \"especificacao\": null,\n      \"unidade_medida\": \"hora\",\n      \"quantidade\": \"25.000\",\n      \"valor_unitario\": \"R$ 277,69\",\n      \"valor_total\": \"R$ 6.942.250,00\",\n      \"catmat_catser\": \"26972\",\n      \"tipo\": \"Serviço\",\n      \"locais_execucao_entrega\": \"Porto Alegre (RS), São José (SC)\"\n    }\n  ],\n  \"fonte_preco\": \"Contrato\",\n  \"referencia_contrato\": \"01/2024\",\n  \"anexo_contrato\": \"https://sei.agro.gov.br/sei/controlador.php?acao=documento_imprimir_web&acao_origem=arvore_visualizar&id_documento=46260398&infra_sistema=100000100&infra_unidade_atual=110003218&infra_hash=61cd…\",\n  \"status_extracao\": \"Sucesso\"\n}",
  "moved_pdf_path": "PdfLidos\\00396895000125-000007-2024.pdf"
}