{
  "numero_contrato": "31/2023-SEJUS",
  "tipo_instrumento": "Contrato",
  "processo_administrativo": "00400-00069180/2022-82",
  "data_celebracao": null,
  "orgao_contratante": {
    "razao_social": "Secretaria de Estado de Justiça e Cidadania do Distrito Federal",
    "sigla": "SEJUS",
    "cnpj": "08.685.528/0001-53"
  },
  "empresa_contratada": {
    "razao_social": "MAEL TO JOSE NASCIMENTO SILVA - VENDAS E SERVICOS",
    "cnpj": "40.412.401/0001-73"
  },
  "itens": [
    {
      "descricao": "Muleta - Modelo: canadense, tipo: c/ braçadeira articulada, apoio mão: apoio de mão, matéria prima: em polímero, haste: haste regulável na altura, material haste: em alumínio, pés: c/ ponteira de borracha, tamanho*: tamanho adulto. Unidade: Par. Fabricante / Marca: Indaiá Bengalas",
      "especificacao": null,
      "unidade_medida": "PAR",
      "quantidade": "8",
      "valor_unitario": "R$ 128,00",
      "valor_total": "R$ 1.024,00",
      "catmat_catser": "447078",
      "tipo": "Material",
      "locais_execucao_entrega": "Brasília (DF)"
    }
  ],
  "fonte_preco": "Contrato",
  "referencia_contrato": "31/2023-SEJUS",
  "anexo_contrato": null,
  "status_extracao": "Sucesso"
}