{
  "filename": "00394593000118-000012-2024.pdf",
  "success": true,
  "processing_time": 4.375236511230469,
  "error": null,
  "steps_completed": [
    "ai_analysis",
    "json_saved",
    "json_parsed"
  ],
  "extracted_json": "{\n  \"numero_contrato\": \"006/2024\",\n  \"tipo_instrumento\": \"Contrato\",\n  \"processo_administrativo\": \"18303.000938/2024.66\",\n  \"data_celebracao\": \"21/03/2024\",\n  \"orgao_contratante\": {\n    \"razao_social\": \"Instituto de Assistência Técnica e Extensão Rural de Roraima - IATER/RR\",\n    \"sigla\": \"IATER/RR\",\n    \"cnpj\": \"45.386.905/0001-80\"\n  },\n  \"empresa_contratada\": {\n    \"razao_social\": \"EVATUS DESENVOLVIMENTO ORGANIZACIONAL LTDA\",\n    \"cnpj\": \"51.288.329/0001-30\"\n  },\n  \"itens\": [\n    {\n      \"descricao\": \"Pagamento de taxa de Inscrição em Curso Prático em Operação do Compras.gov conforme a Nova Lei de Licitações - Lei nº 14.133/21\",\n      \"especificacao\": \"Curso Prático em Operação do Compras.gov conforme a Nova Lei de Licitações - Lei nº 14.133/21\",\n      \"unidade_medida\": \"Und.\",\n      \"quantidade\": \"05\",\n      \"valor_unitario\": \"R$ 2.990,00\",\n      \"valor_total\": \"R$ 14.950,00\",\n      \"catmat_catser\": \"25232\",\n      \"tipo\": \"Serviço\",\n      \"locais_execucao_entrega\": \"Boa Vista (RR)\"\n    }\n  ],\n  \"fonte_preco\": \"Contrato\",\n  \"referencia_contrato\": \"006/2024\",\n  \"anexo_contrato\": \"https://sei.rr.gov.br/sei/controlador.php?acao=documento_imprimir_web&acao_origem=arvore_visualizar&id_documento=13423502&infra_siste…\",\n  \"status_extracao\": \"Sucesso\"\n}",
  "moved_pdf_path": "PdfLidos\\00394593000118-000012-2024.pdf"
}