{
  "numero_contrato": "23/2024",
  "tipo_instrumento": "Contrato de Prestação de Serviços",
  "processo_administrativo": "04043-00000395/2024-81",
  "data_celebracao": null,
  "orgao_contratante": {
    "razao_social": "DISTRITO FEDERAL",
    "sigla": "SEFJ",
    "cnpj": "33.861.706/0001-05"
  },
  "empresa_contratada": {
    "razao_social": "MCR SISTEMAS E CONSULTORIA LTDA",
    "cnpj": "04.198.254/0001-17"
  },
  "itens": [
    {
      "descricao": "Licenças de uso do Software Adobe Creative Cloud VIP Teams All Apps, com licenciamento subscrição por usuário nomeado, em sua versão mais recente e com serviço de suporte técnico e garantia de atualização pelo período de 12 (doze) meses.",
      "especificacao": "Marca/Fabricante: Adobe System. Modelo: Creative Cloud.",
      "unidade_medida": "unidade",
      "quantidade": "01",
      "valor_unitario": "R$ 4.828,00",
      "valor_total": "R$ 4.828,00",
      "catmat_catser": "27502",
      "tipo": "Serviço",
      "locais_execucao_entrega": "Brasília (DF)"
    }
  ],
  "fonte_preco": "Contrato",
  "referencia_contrato": "23/2024",
  "anexo_contrato": null,
  "status_extracao": "Sucesso"
}