{
  "numero_contrato": "06/2024",
  "tipo_instrumento": "Contrato",
  "processo_administrativo": "21043.000398/2023-52",
  "data_celebracao": "22/12/2017",
  "orgao_contratante": {
    "razao_social": "LABORATÓRIO DE DEFESA AGROPECUÁRIA - LFDA/RS",
    "sigla": "LFDA/RS",
    "cnpj": "00.396.895/0045-46"
  },
  "empresa_contratada": {
    "razao_social": "VALOR EMPRESA DE SERVICOS LTDA",
    "cnpj": "14.932.346/0001-32"
  },
  "itens": [
    {
      "descricao": "Secretário Executivo",
      "especificacao": null,
      "unidade_medida": "Posto",
      "quantidade": "1",
      "valor_unitario": "R$ 746.628,00",
      "valor_total": "R$ 746.628,00",
      "catmat_catser": "16578",
      "tipo": "Serviço",
      "locais_execucao_entrega": "Porto Alegre (RS)"
    }
  ],
  "fonte_preco": "Contrato",
  "referencia_contrato": "06/2024",
  "anexo_contrato": "https://sei.agro.gov.br/sei/controlador.php?acao=documento_imprimir_web&acao_origem=arvore_visualizar&id_documento=48626064&infra_sistema=100000100&infra_unidade_atual=110003218&infra_hash=5a6…",
  "status_extracao": "Sucesso"
}