{
  "filename": "00396895000125-000049-2024.pdf",
  "success": true,
  "processing_time": 3.8232858180999756,
  "error": null,
  "steps_completed": [
    "ai_analysis",
    "json_saved",
    "json_parsed"
  ],
  "extracted_json": "{\n  \"numero_contrato\": \"1/2024\",\n  \"tipo_instrumento\": \"Contrato Administrativo\",\n  \"processo_administrativo\": \"21032.001534/2023-51\",\n  \"data_celebracao\": \"02/02/2024\",\n  \"orgao_contratante\": {\n    \"razao_social\": \"SUPERINTENDÊNCIA FEDERAL DE AGRICULTURA E PECUÁRIA NO ESTADO DA PARAÍBA\",\n    \"sigla\": \"SFA-PB\",\n    \"cnpj\": \"00.396.895/0020-98\"\n  },\n  \"empresa_contratada\": {\n    \"razao_social\": \"SUPREMA EMPREENDIMENTOS LTDA\",\n    \"cnpj\": \"08.243.787/0001-24\"\n  },\n  \"itens\": [\n    {\n      \"descricao\": \"PRESTAÇÃO DE SERVIÇOS DE APOIO ADMINISTRATIVO\",\n      \"especificacao\": \"Posto de serviços: Assistente Operacional Nível I, de 44 (quarenta e quatro) horas.Posto 02\",\n      \"unidade_medida\": \"Posto\",\n      \"quantidade\": \"1\",\n      \"valor_unitario\": \"R$6.037,08\",\n      \"valor_total\": \"R$12.074,16\",\n      \"catmat_catser\": \"5380\",\n      \"tipo\": \"Serviço\",\n      \"locais_execucao_entrega\": \"Cabedelo (PB)\"\n    }\n  ],\n  \"fonte_preco\": \"Contrato\",\n  \"referencia_contrato\": \"1/2024\",\n  \"anexo_contrato\": \"https://sei.agro.gov.br/sei/controlador.php?acao=documento_imprimir_web&acao_origem=arvore_visualizar&id_documento=46389867&infra_si…\",\n  \"status_extracao\": \"Sucesso\"\n}",
  "moved_pdf_path": "PdfLidos\\00396895000125-000049-2024.pdf"
}