{
  "numero_contrato": "28/2023",
  "tipo_instrumento": "Contrato Administrativo",
  "processo_administrativo": "21160.000240/2023-46",
  "data_celebracao": "21/06/2024",
  "orgao_contratante": {
    "razao_social": "Instituto Nacional de Meteorologia",
    "sigla": "INMET/SDI/MAPA",
    "cnpj": "00.396.895/0050-03"
  },
  "empresa_contratada": {
    "razao_social": "Storm Express Empreendimentos",
    "cnpj": "42.157.148/0001-84"
  },
  "itens": [
    {
      "descricao": "Água mineral natural, sem gás, em regime comodato, acondicionada em embalagem retornável",
      "especificacao": "Garrafão com capacidade de 20 L",
      "unidade_medida": "litros",
      "quantidade": "480",
      "valor_unitario": "R$ 11,88",
      "valor_total": "R$ 5.702,40",
      "catmat_catser": "445485",
      "tipo": "Material",
      "locais_execucao_entrega": "Belém (PA)"
    }
  ],
  "fonte_preco": "Contrato",
  "referencia_contrato": "28/2023",
  "anexo_contrato": "https://sei.agro.gov.br/sei/controlador.php?acao=documento_imprimir_web&acao_origem=arvore_visualizar&id_documento=42519832&infra_sist…",
  "status_extracao": "Sucesso"
}