{
  "numero_contrato": "051442/2024",
  "tipo_instrumento": "Contrato de Prestação de Serviço Público de Distribuição de Energia Elétrica",
  "processo_administrativo": "00413-00001419/2024-67",
  "data_celebracao": "22/04/2024",
  "orgao_contratante": {
    "razao_social": "INSTITUTO DE PREVIDÊNCIA DOS SERVIDORES DO DISTRITO FEDERAL – IPREV/DF",
    "sigla": "IPREV/DF",
    "cnpj": "10.203.387/0001-37"
  },
  "empresa_contratada": {
    "razao_social": "NEOENERGIA DISTRIBUICAO BRASILIA S.A.",
    "cnpj": "07.522.669/0001-92"
  },
  "itens": [
    {
      "descricao": "Prestação de serviço público de distribuição de energia elétrica",
      "especificacao": "Distribuição de energia elétrica para unidades consumidoras do Grupo B",
      "unidade_medida": "Serviço",
      "quantidade": "Não especificado",
      "valor_unitario": "Não especificado",
      "valor_total": "R$ 174.647,57",
      "catmat_catser": "Não especificado",
      "tipo": "Serviço",
      "locais_execucao_entrega": "Brasília (DF)"
    }
  ],
  "fonte_preco": "Contrato",
  "referencia_contrato": "051442/2024",
  "anexo_contrato": "https://neoenergia.portaldeassinaturas.com.br/verificar/63A3-0EEC-5241-493A",
  "status_extracao": "Sucesso"
}