{
  "filename": "00394684000153-000039-2024.pdf",
  "success": true,
  "processing_time": 12.123465538024902,
  "error": null,
  "steps_completed": [
    "ai_analysis",
    "json_saved",
    "json_parsed"
  ],
  "extracted_json": "{\n  \"numero_contrato\": \"14/2024\",\n  \"tipo_instrumento\": \"Contrato\",\n  \"processo_administrativo\": \"04043-00000297/2024-43\",\n  \"data_celebracao\": null,\n  \"orgao_contratante\": {\n    \"razao_social\": \"DISTRITO FEDERAL, POR INTERMÉDIO DA VICE-GOVERNADORIA DO DISTRITO FEDERAL\",\n    \"sigla\": \"VGDF\",\n    \"cnpj\": \"07.187.000/0001-91\"\n  },\n  \"empresa_contratada\": {\n    \"razao_social\": \"SILVENINA UNIFORMES LTDA EPP\",\n    \"cnpj\": \"18.386.337/0001-44\"\n  },\n  \"itens\": [\n    {\n      \"descricao\": \"Tapete branco em algodão 100% POLIÉSTER. Medida: 50x80cm. Qualidade mmartan ou superior.\",\n      \"especificacao\": \"Tapete branco em algodão 100% POLIÉSTER. Medida: 50x80cm. Qualidade mmartan ou superior.\",\n      \"unidade_medida\": \"UN\",\n      \"quantidade\": \"3\",\n      \"valor_unitario\": \"R$ 166,43\",\n      \"valor_total\": \"R$ 499,29\",\n      \"catmat_catser\": \"472933\",\n      \"tipo\": \"Material\",\n      \"locais_execucao_entrega\": \"Lago Sul (DF)\"\n    },\n    {\n      \"descricao\": \"Almofada em tricot 30 x 30, Gramatura: 100grs/m², Tipo de Fechamento: Zíper, Enchimento Fibra Siliconada: Poliéster. Qualidade camicado ou superior.\",\n      \"especificacao\": \"Almofada em tricot 30 x 30, Gramatura: 100grs/m², Tipo de Fechamento: Zíper, Enchimento Fibra Siliconada: Poliéster. Qualidade camicado ou superior.\",\n      \"unidade_medida\": \"UN\",\n      \"quantidade\": \"6\",\n      \"valor_unitario\": \"R$ 124,98\",\n      \"valor_total\": \"R$ 749,88\",\n      \"catmat_catser\": \"600794\",\n      \"tipo\": \"Material\",\n      \"locais_execucao_entrega\": \"Lago Sul (DF)\"\n    },\n    {\n      \"descricao\": \"Jogo de lençol de cama 300 fios em algodão, cor branca, padrão queen, Composto por 04 peças, sendo 01 lençol inferior com elástico para colchões com até 40cm de altura, 01 lençol superior e 02 fronhas. Medidas: Sendo 01 lençol inferior com elástico para colchões com 140x190 cm a 158x198 cm e até 35cm de altura, 01 lençol superior entre 220x250 cm 235x260 cm e 02 Fronhas 70cm x 50cm; Qualidade mmartan ou superior.\",\n      \"especificacao\": \"Jogo de lençol de cama 300 fios em algodão, cor branca, padrão queen, Composto por 04 peças, sendo 01 lençol inferior com elástico para colchões com até 40cm de altura, 01 lençol superior e 02 fronhas. Medidas: Sendo 01 lençol inferior com elástico para colchões com 140x190 cm a 158x198 cm e até 35cm de altura, 01 lençol superior entre 220x250 cm 235x260 cm e 02 Fronhas 70cm x 50cm; Qualidade mmartan ou superior.\",\n      \"unidade_medida\": \"UN\",\n      \"quantidade\": \"2\",\n      \"valor_unitario\": \"R$ 802,76\",\n      \"valor_total\": \"R$ 1.605,52\",\n      \"catmat_catser\": \"612169\",\n      \"tipo\": \"Material\",\n      \"locais_execucao_entrega\": \"Lago Sul (DF)\"\n    },\n    {\n      \"descricao\": \"Kit colcha 300 fios, cor branca, padrão queen, Composto por 05 peças, sendo 01 cobre-leito dupla face, 02 porta-travesseiros e 02 almofadas. 1 Colcha 240cm de comprimento e de 260cm a 275cm de largura e 2 Porta travesseiro 50 x 70 cm. Qualidade mmartan ou superior\",\n      \"especificacao\": \"Kit colcha 300 fios, cor branca, padrão queen, Composto por 05 peças, sendo 01 cobre-leito dupla face, 02 porta-travesseiros e 02 almofadas. 1 Colcha 240cm de comprimento e de 260cm a 275cm de largura e 2 Porta travesseiro 50 x 70 cm. Qualidade mmartan ou superior\",\n      \"unidade_medida\": \"UN\",\n      \"quantidade\": \"2\",\n      \"valor_unitario\": \"R$ 1.065,82\",\n      \"valor_total\": \"R$ 2.131,64\",\n      \"catmat_catser\": \"612181\",\n      \"tipo\": \"Material\",\n      \"locais_execucao_entrega\": \"Lago Sul (DF)\"\n    },\n    {\n      \"descricao\": \"Saia de cama box, cor branca, padrão queen, malha impermeável. Qualidade mmartan ou superior.\",\n      \"especificacao\": \"Saia de cama box, cor branca, padrão queen, malha impermeável. Qualidade mmartan ou superior.\",\n      \"unidade_medida\": \"UN\",\n      \"quantidade\": \"2\",\n      \"valor_unitario\": \"R$ 235,89\",\n      \"valor_total\": \"R$ 471,78\",\n      \"catmat_catser\": \"445543\",\n      \"tipo\": \"Material\",\n      \"locais_execucao_entrega\": \"Lago Sul (DF)\"\n    },\n    {\n      \"descricao\": \"Peseira em tricô, tear 100% algodão. Qualidade mmartan ou superior\",\n      \"especificacao\": \"Peseira em tricô, tear 100% algodão. Qualidade mmartan ou superior\",\n      \"unidade_medida\": \"UN\",\n      \"quantidade\": \"3\",\n      \"valor_unitario\": \"R$ 302,26\",\n      \"valor_total\": \"R$ 906,78\",\n      \"catmat_catser\": \"469171\",\n      \"tipo\": \"Material\",\n      \"locais_execucao_entrega\": \"Lago Sul (DF)\"\n    },\n    {\n      \"descricao\": \"Jogo de lençol de cama 300 fios em algodão, cor branca, padrão casal, Composto por 04 peças, sendo 01 lençol inferior com elástico para colchões com até 40cm de altura, 01 lençol superior e 02 fronhas. Qualidade mmartan ou superior\",\n      \"especificacao\": \"Jogo de lençol de cama 300 fios em algodão, cor branca, padrão casal, Composto por 04 peças, sendo 01 lençol inferior com elástico para colchões com até 40cm de altura, 01 lençol superior e 02 fronhas. Qualidade mmartan ou superior\",\n      \"unidade_medida\": \"UN\",\n      \"quantidade\": \"1\",\n      \"valor_unitario\": \"R$ 1.019,50\",\n      \"valor_total\": \"R$ 1.019,50\",\n      \"catmat_catser\": \"445386\",\n      \"tipo\": \"Material\",\n      \"locais_execucao_entrega\": \"Lago Sul (DF)\"\n    },\n    {\n      \"descricao\": \"Kit colcha 300 fios, cor branca, padrão casal, Composto por 05 peças, sendo 01 cobre-leito dupla face, 02 porta-travesseiros e 02 almofadas. Qualidade mmartan ou superior\",\n      \"especificacao\": \"Kit colcha 300 fios, cor branca, padrão casal, Composto por 05 peças, sendo 01 cobre-leito dupla face, 02 porta-travesseiros e 02 almofadas. Qualidade mmartan ou superior\",\n      \"unidade_medida\": \"UN\",\n      \"quantidade\": \"1\",\n      \"valor_unitario\": \"R$ 1.374,48\",\n      \"valor_total\": \"R$ 1.374,48\",\n      \"catmat_catser\": \"612176\",\n      \"tipo\": \"Material\",\n      \"locais_execucao_entrega\": \"Lago Sul (DF)\"\n    }\n  ],\n  \"fonte_preco\": \"Contrato\",\n  \"referencia_contrato\": \"14/2024\",\n  \"anexo_contrato\": \"https://sei.df.gov.br/sei/controlador.php?acao=documento_imprimir_web&acao_origem=arvore_visualizar&id_documento=155541315&infra_sist…\",\n  \"status_extracao\": \"Sucesso\"\n}",
  "moved_pdf_path": "PdfLidos\\00394684000153-000039-2024.pdf"
}