{
  "numero_contrato": "1/2024",
  "tipo_instrumento": "Contrato de Aquisição de Bens",
  "processo_administrativo": "00014-00001404/2023-75",
  "data_celebracao": "25/01/2024",
  "orgao_contratante": {
    "razao_social": "Distrito Federal, por intermédio do GABINETE DA VICE-GOVERNADORA DO DISTRITO FEDERAL",
    "sigla": "VGDF",
    "cnpj": "07.187.000/0001-91"
  },
  "empresa_contratada": {
    "razao_social": "TEODORO DOS SANTOS COMERCIAL LTDA",
    "cnpj": "45.997.371/0001-28"
  },
  "itens": [
    {
      "descricao": "Travesseiro suporte firme",
      "especificacao": "com revestimento em percal 180 fios, 100% algodão",
      "unidade_medida": "Unidade",
      "quantidade": "12",
      "valor_unitario": "R$ 40,00",
      "valor_total": "R$ 480,00",
      "catmat_catser": "607597",
      "tipo": "Material",
      "locais_execucao_entrega": "Lago Sul (DF)"
    },
    {
      "descricao": "Capa protetora de travesseiro",
      "especificacao": "cor branca, com zipper e malha impermeável, TAMANHO 50 X 70cm, cor branca",
      "unidade_medida": "Unidade",
      "quantidade": "12",
      "valor_unitario": "R$ 14,00",
      "valor_total": "R$ 168,00",
      "catmat_catser": "452419",
      "tipo": "Material",
      "locais_execucao_entrega": "Lago Sul (DF)"
    },
    {
      "descricao": "Capa protetora para colchão queen",
      "especificacao": "cor branca, tamanho padrão queen, com malha impermeável, TAMANHO1.60x1.98m, cor branca, em algodão",
      "unidade_medida": "Unidade",
      "quantidade": "2",
      "valor_unitario": "R$ 100,00",
      "valor_total": "R$ 200,00",
      "catmat_catser": "445547",
      "tipo": "Material",
      "locais_execucao_entrega": "Lago Sul (DF)"
    },
    {
      "descricao": "Capa protetora para colchão casal",
      "especificacao": "cor branca, tamanho padrão casal, com malha impermeável",
      "unidade_medida": "Unidade",
      "quantidade": "1",
      "valor_unitario": "R$ 83,00",
      "valor_total": "R$ 83,00",
      "catmat_catser": "445547",
      "tipo": "Material",
      "locais_execucao_entrega": "Lago Sul (DF)"
    },
    {
      "descricao": "Jogo de toalhas com 4 peças",
      "especificacao": "cor branca, em algodão, Composto por 05 peças, sendo: 02 toalhas de banho, 02 toalhas de rosto e 01 toalha de piso",
      "unidade_medida": "Unidade",
      "quantidade": "3",
      "valor_unitario": "R$ 130,00",
      "valor_total": "R$ 390,00",
      "catmat_catser": "606421",
      "tipo": "Material",
      "locais_execucao_entrega": "Lago Sul (DF)"
    }
  ],
  "fonte_preco": "Contrato",
  "referencia_contrato": "1/2024",
  "anexo_contrato": "Não informado",
  "status_extracao": "Sucesso"
}