{
  "filename": "00396895000125-000223-2024.pdf",
  "success": true,
  "processing_time": 3.5736560821533203,
  "error": null,
  "steps_completed": [
    "ai_analysis",
    "json_saved",
    "json_parsed"
  ],
  "extracted_json": "{\n  \"numero_contrato\": \"06/2024\",\n  \"tipo_instrumento\": \"Contrato\",\n  \"processo_administrativo\": \"21043.000398/2023-52\",\n  \"data_celebracao\": \"22/12/2017\",\n  \"orgao_contratante\": {\n    \"razao_social\": \"LABORATÓRIO DE DEFESA AGROPECUÁRIA - LFDA/RS\",\n    \"sigla\": \"LFDA/RS\",\n    \"cnpj\": \"00.396.895/0045-46\"\n  },\n  \"empresa_contratada\": {\n    \"razao_social\": \"VALOR EMPRESA DE SERVICOS LTDA\",\n    \"cnpj\": \"14.932.346/0001-32\"\n  },\n  \"itens\": [\n    {\n      \"descricao\": \"Secretário Executivo\",\n      \"especificacao\": null,\n      \"unidade_medida\": \"Posto\",\n      \"quantidade\": \"1\",\n      \"valor_unitario\": \"R$ 746.628,00\",\n      \"valor_total\": \"R$ 746.628,00\",\n      \"catmat_catser\": \"16578\",\n      \"tipo\": \"Serviço\",\n      \"locais_execucao_entrega\": \"Porto Alegre (RS)\"\n    }\n  ],\n  \"fonte_preco\": \"Contrato\",\n  \"referencia_contrato\": \"06/2024\",\n  \"anexo_contrato\": \"https://sei.agro.gov.br/sei/controlador.php?acao=documento_imprimir_web&acao_origem=arvore_visualizar&id_documento=48626064&infra_sistema=100000100&infra_unidade_atual=110003218&infra_hash=5a6…\",\n  \"status_extracao\": \"Sucesso\"\n}",
  "moved_pdf_path": "PdfLidos\\00396895000125-000223-2024.pdf"
}