{
  "filename": "00396895000125-000134-2024.pdf",
  "success": true,
  "processing_time": 4.902432203292847,
  "error": null,
  "steps_completed": [
    "ai_analysis",
    "json_saved",
    "json_parsed"
  ],
  "extracted_json": "{\n  \"numero_contrato\": \"11/2024\",\n  \"tipo_instrumento\": \"Contrato de Prestação de Serviços\",\n  \"processo_administrativo\": \"21000.072525/2023-11\",\n  \"data_celebracao\": null,\n  \"orgao_contratante\": {\n    \"razao_social\": \"MINISTÉRIO DA AGRICULTURA E PECUÁRIA\",\n    \"sigla\": \"MAPA\",\n    \"cnpj\": \"00.396.895/0011-05\"\n  },\n  \"empresa_contratada\": {\n    \"razao_social\": \"MSTUR TRANSPORTES E SERVIÇOS EIRELI\",\n    \"cnpj\": \"21.998.504/0001-12\"\n  },\n  \"itens\": [\n    {\n      \"descricao\": \"Serviço de locação de veículos, com motorista, para transporte de delegados e autoridades brasileiras e estrangeiras que participarão da REUNIÃO DE GRUPO DE TRABALHO NO G20, do Ministério da Agricultura e Pecuária - MAPA (UASG 130005).\",\n      \"especificacao\": null,\n      \"unidade_medida\": \"Serviço\",\n      \"quantidade\": \"1\",\n      \"valor_unitario\": \"R$ 180.000,00\",\n      \"valor_total\": null,\n      \"catmat_catser\": \"4014\",\n      \"tipo\": \"Serviço\",\n      \"locais_execucao_entrega\": null\n    },\n    {\n      \"descricao\": \"Serviço de locação de veículos, com motorista, para transporte de delegados e autoridades brasileiras e estrangeiras que participarão da REUNIÃO MINISTERIAL NO G20, do Ministério da Agricultura e Pecuária - MAPA (UASG 130005).\",\n      \"especificacao\": null,\n      \"unidade_medida\": \"Serviço\",\n      \"quantidade\": \"1\",\n      \"valor_unitario\": \"R$ 385.000,00\",\n      \"valor_total\": null,\n      \"catmat_catser\": \"4014\",\n      \"tipo\": \"Serviço\",\n      \"locais_execucao_entrega\": null\n    }\n  ],\n  \"fonte_preco\": \"Contrato\",\n  \"referencia_contrato\": \"11/2024\",\n  \"anexo_contrato\": \"https://sei.agro.gov.br/sei/controlador.php?acao=documento_imprimir_web&acao_origem=arvore_visualizar&id_documento=47776480&infra_sistema=100000100&infra_unidade_atual=110004219&infra_hash=4e9…\",\n  \"status_extracao\": \"Parcial\"\n}",
  "moved_pdf_path": "PdfLidos\\00396895000125-000134-2024.pdf"
}