{
  "filename": "00396895000125-000140-2024.pdf",
  "success": true,
  "processing_time": 4.706949710845947,
  "error": null,
  "steps_completed": [
    "ai_analysis",
    "json_saved",
    "json_parsed"
  ],
  "extracted_json": "{\n  \"numero_contrato\": \"12/2024\",\n  \"tipo_instrumento\": \"Contrato\",\n  \"processo_administrativo\": \"21000.004181/2024-07\",\n  \"data_celebracao\": null,\n  \"orgao_contratante\": {\n    \"razao_social\": \"MINISTÉRIO DA AGRICULTURA E PECUÁRIA\",\n    \"sigla\": \"MAPA\",\n    \"cnpj\": \"00.396.895/0011-05\"\n  },\n  \"empresa_contratada\": {\n    \"razao_social\": \"NATIVA 365 PROMOÇÃO E EVENTOS LTDA\",\n    \"cnpj\": \"01.328.401/0001-38\"\n  },\n  \"itens\": [\n    {\n      \"descricao\": \"Serviço de organização e realização da REUNIÃO DE GRUPO DE TRABALHO NO G20, do Ministério da Agricultura e Pecuária - MAPA (UASG 130005).\",\n      \"especificacao\": null,\n      \"unidade_medida\": \"Serviço\",\n      \"quantidade\": \"1\",\n      \"valor_unitario\": \"R$ 1.349.904,47\",\n      \"valor_total\": null,\n      \"catmat_catser\": \"4014\",\n      \"tipo\": \"Serviço\",\n      \"locais_execucao_entrega\": null\n    },\n    {\n      \"descricao\": \"Serviço de organização e realização da REUNIÃO MINISTERIAL NO G20, do Ministério da Agricultura e Pecuária - MAPA (UASG 130005).\",\n      \"especificacao\": null,\n      \"unidade_medida\": \"Serviço\",\n      \"quantidade\": \"1\",\n      \"valor_unitario\": \"R$ 2.317.206,25\",\n      \"valor_total\": null,\n      \"catmat_catser\": \"4014\",\n      \"tipo\": \"Serviço\",\n      \"locais_execucao_entrega\": null\n    }\n  ],\n  \"fonte_preco\": \"Contrato\",\n  \"referencia_contrato\": \"12/2024\",\n  \"anexo_contrato\": \"https://sei.agro.gov.br/sei/controlador.php?acao=documento_imprimir_web&acao_origem=arvore_visualizar&id_documento=48013127&infra_sistema=100000100&infra_unidade_atual=110004219&infra_hash=e94…\",\n  \"status_extracao\": \"Sucesso\"\n}",
  "moved_pdf_path": "PdfLidos\\00396895000125-000140-2024.pdf"
}