{
  "numero_contrato": "29/2024",
  "tipo_instrumento": "Contrato de Prestação de Serviço",
  "processo_administrativo": "04043-00001037/2024-95",
  "data_celebracao": null,
  "orgao_contratante": {
    "razao_social": "DISTRITO FEDERAL, POR INTERMÉDIO DA VICE-GOVERNADORIA DO DISTRITO FEDERAL",
    "sigla": "VGDF",
    "cnpj": "07.187.000/0001-91"
  },
  "empresa_contratada": {
    "razao_social": "INSTITUTO NEGÓCIOS PÚBLICOS DO BRASIL - ESTUDOS E PESQUISAS NA ADMINISTRAÇÃO PÚBLICA - INP - LTDA",
    "cnpj": "10.498.974/0002-81"
  },
  "itens": [
    {
      "descricao": "Contratação de empresa especializada na prestação de serviços de capacitação, visando a participação de servidores lotados na Subsecretaria de Administração Geral da Vice-Governadoria do Distrito Federal (SUAG/VGDF) no 18º Pregão Week, no período de 14 a 18 de outubro de 2024.",
      "especificacao": null,
      "unidade_medida": "Unidade",
      "quantidade": "03",
      "valor_unitario": "R$ 5.399,00",
      "valor_total": "R$ 16.197,00",
      "catmat_catser": "14729",
      "tipo": "Serviço",
      "locais_execucao_entrega": "Foz do Iguaçu (PR)"
    }
  ],
  "fonte_preco": "Contrato",
  "referencia_contrato": "29/2024",
  "anexo_contrato": null,
  "status_extracao": "Sucesso"
}