{
  "numero_contrato": "16/2024",
  "tipo_instrumento": "Contrato",
  "processo_administrativo": "04043-00000298/2024-98",
  "data_celebracao": "24/04/2024",
  "orgao_contratante": {
    "razao_social": "DISTRITO FEDERAL",
    "sigla": "VGDF",
    "cnpj": "07.187.000/0001-91"
  },
  "empresa_contratada": {
    "razao_social": "39.805.124 RAFAEL LIMA DINIZ",
    "cnpj": "39.805.124/0001-80"
  },
  "itens": [
    {
      "descricao": "Aparelho de Jantar Branco com 42 peças",
      "especificacao": "Composto por: 06 pratos rasos; 06 pratos fundos; 06 pratos para sobremesa; 06 xícaras para café e 06 pires; e 06 xícaras para chá e 06 pires",
      "unidade_medida": "UN",
      "quantidade": "5",
      "valor_unitario": "R$ 890,00",
      "valor_total": "R$ 4.450,00",
      "catmat_catser": "605224",
      "tipo": "Material",
      "locais_execucao_entrega": "Brasília (DF)"
    },
    {
      "descricao": "Faqueiro com 30 peças",
      "especificacao": "Composto por: 06 colheres de mesa 06 garfos de mesa 06 facas de mesa 06 garfos de bolo 06 colheres de chá.",
      "unidade_medida": "UN",
      "quantidade": "5",
      "valor_unitario": "R$ 337,15",
      "valor_total": "R$ 1.685,75",
      "catmat_catser": "294447",
      "tipo": "Material",
      "locais_execucao_entrega": "Brasília (DF)"
    },
    {
      "descricao": "Jogo facas com 5 peças",
      "especificacao": "Composto por: 01 Faca do Chef; 01 Faca de Pão; 01 Faca de Legumes; 01 Faca de filetar; O1 Faca de serra;",
      "unidade_medida": "UN",
      "quantidade": "2",
      "valor_unitario": "R$ 337,00",
      "valor_total": "R$ 674,00",
      "catmat_catser": "387118",
      "tipo": "Material",
      "locais_execucao_entrega": "Brasília (DF)"
    },
    {
      "descricao": "Jogo faca para Churrasco com 5 peças – cabo madeira",
      "especificacao": "Composto por: 01 faca de faar 01 faca Butcher 01 faca churrasco 01 faca desossa 01 Cutelo",
      "unidade_medida": "UN",
      "quantidade": "1",
      "valor_unitario": "R$ 399,00",
      "valor_total": "R$ 399,00",
      "catmat_catser": "387118",
      "tipo": "Material",
      "locais_execucao_entrega": "Brasília (DF)"
    },
    {
      "descricao": "Conjunto 6 Bowls para sobremesa porcelana branca",
      "especificacao": null,
      "unidade_medida": "UN",
      "quantidade": "5",
      "valor_unitario": "R$ 125,93",
      "valor_total": "R$ 629,65",
      "catmat_catser": "482839",
      "tipo": "Material",
      "locais_execucao_entrega": "Brasília (DF)"
    },
    {
      "descricao": "Jogo de utensílios cozinha com 5 peças",
      "especificacao": "Composto por: 01 Colher para arroz 01 Concha para feijão 01 Garfo trinchante 01 Pegador para massa 01 Pá para bolo",
      "unidade_medida": "UN",
      "quantidade": "2",
      "valor_unitario": "R$ 146,10",
      "valor_total": "R$ 292,20",
      "catmat_catser": "256304",
      "tipo": "Material",
      "locais_execucao_entrega": "Brasília (DF)"
    },
    {
      "descricao": "Rechaud Oval de Porcelana branca 1,5L",
      "especificacao": null,
      "unidade_medida": "UN",
      "quantidade": "4",
      "valor_unitario": "R$ 240,00",
      "valor_total": "R$ 960,00",
      "catmat_catser": "473232",
      "tipo": "Material",
      "locais_execucao_entrega": "Brasília (DF)"
    },
    {
      "descricao": "Rechaud Retangular de porcelana branca 2,8L",
      "especificacao": null,
      "unidade_medida": "UN",
      "quantidade": "4",
      "valor_unitario": "R$ 356,32",
      "valor_total": "R$ 1.425,28",
      "catmat_catser": "473232",
      "tipo": "Material",
      "locais_execucao_entrega": "Brasília (DF)"
    },
    {
      "descricao": "Travessa de Cerâmica Medidas: 36 X 24,5 Cm",
      "especificacao": null,
      "unidade_medida": "UN",
      "quantidade": "4",
      "valor_unitario": "R$ 130,00",
      "valor_total": "R$ 520,00",
      "catmat_catser": "219098",
      "tipo": "Material",
      "locais_execucao_entrega": "Brasília (DF)"
    },
    {
      "descricao": "Saladeira Cerâmica 2,5L",
      "especificacao": null,
      "unidade_medida": "UN",
      "quantidade": "2",
      "valor_unitario": "R$ 149,00",
      "valor_total": "R$ 298,00",
      "catmat_catser": "259244",
      "tipo": "Material",
      "locais_execucao_entrega": "Brasília (DF)"
    }
  ],
  "fonte_preco": "Contrato",
  "referencia_contrato": "16/2024",
  "anexo_contrato": "https://sei.df.gov.br/sei/controlador.php?acao=documento_imprimir_web&acao_origem=arvore_visualizar&id_documento=155659163&infra_sist…",
  "status_extracao": "Sucesso"
}