{
  "filename": "00394684000153-000108-2024.pdf",
  "success": true,
  "processing_time": 4.116545677185059,
  "error": null,
  "steps_completed": [
    "ai_analysis",
    "json_saved",
    "json_parsed"
  ],
  "extracted_json": "{\n  \"numero_contrato\": \"30/2024\",\n  \"tipo_instrumento\": \"Contrato de Prestação de Serviço\",\n  \"processo_administrativo\": \"04043-00001037/2024-95\",\n  \"data_celebracao\": null,\n  \"orgao_contratante\": {\n    \"razao_social\": \"DISTRITO FEDERAL\",\n    \"sigla\": \"VGDF\",\n    \"cnpj\": \"07.187.000/0001-91\"\n  },\n  \"empresa_contratada\": {\n    \"razao_social\": \"INSTITUTO NEGÓCIOS PÚBLICOS DO BRASIL - ESTUDOS E PESQUISAS NA ADMINISTRAÇÃO PÚBLICA - INP - LTDA\",\n    \"cnpj\": \"10.498.974/0002-81\"\n  },\n  \"itens\": [\n    {\n      \"descricao\": \"Contratação de empresa especializada na prestação de serviços de capacitação, visando a participação de servidores lotados na Subsecretaria de Administração Geral da Vice-Governadoria do Distrito Federal (SUAG/VGDF) no 4º Seminário Nacional de Controle Interno nas Contratações Públicas, no período de 23 a 25 de setembro de 2024.\",\n      \"especificacao\": null,\n      \"unidade_medida\": \"Unidade\",\n      \"quantidade\": \"02\",\n      \"valor_unitario\": \"R$ 4.490,00\",\n      \"valor_total\": \"R$ 8.980,00\",\n      \"catmat_catser\": \"14729\",\n      \"tipo\": \"Serviço\",\n      \"locais_execucao_entrega\": \"Foz do Iguaçu (PR)\"\n    }\n  ],\n  \"fonte_preco\": \"Contrato\",\n  \"referencia_contrato\": \"30/2024\",\n  \"anexo_contrato\": null,\n  \"status_extracao\": \"Sucesso\"\n}",
  "moved_pdf_path": "PdfLidos\\00394684000153-000108-2024.pdf"
}