{
  "numero_contrato": "14/2024",
  "tipo_instrumento": "Contrato Administrativo",
  "processo_administrativo": "21000.020025/2023-02",
  "data_celebracao": "09/05/2024",
  "orgao_contratante": {
    "razao_social": "MINISTÉRIO DA AGRICULTURA E PECUÁRIA",
    "sigla": "MAPA",
    "cnpj": "00.396.895/0011-05"
  },
  "empresa_contratada": {
    "razao_social": "INGRAM MICRO BRASIL LTDA.",
    "cnpj": "01.771.935/0010-25"
  },
  "itens": [
    {
      "descricao": "Firewall - Solução de plataforma de segurança denominada Next Genera\u0001on Firewall (NGFW) com instalação, suporte, garan\u0001a e  licenciamento inclusos.",
      "especificacao": "Firewall - Solução de plataforma de segurança denominada Next Genera\u0001on Firewall (NGFW) com instalação, suporte, garan\u0001a e  licenciamento inclusos.",
      "unidade_medida": "UNIDADE",
      "quantidade": "04",
      "valor_unitario": "R$ 1.062.500",
      "valor_total": "R$ 4.250.000,00",
      "catmat_catser": "484747",
      "tipo": "Serviço",
      "locais_execucao_entrega": "Brasília (DF)"
    },
    {
      "descricao": "Solução de armazenamento de logs e relatoria, com instalação, suporte, garan\u0001a e  licenciamento inclusos.",
      "especificacao": "Solução de armazenamento de logs e relatoria, com instalação, suporte, garan\u0001a e  licenciamento inclusos.",
      "unidade_medida": "UNIDADE",
      "quantidade": "01",
      "valor_unitario": "R$ 85.500,00",
      "valor_total": "R$ 85.500,00",
      "catmat_catser": "481647",
      "tipo": "Serviço",
      "locais_execucao_entrega": "Brasília (DF)"
    },
    {
      "descricao": "Solução para gerenciamento centralizado dos equipamentos, com instalação, suporte, garan\u0001a e  licenciamento inclusos.",
      "especificacao": "Solução para gerenciamento centralizado dos equipamentos, com instalação, suporte, garan\u0001a e  licenciamento inclusos.",
      "unidade_medida": "UNIDADE",
      "quantidade": "01",
      "valor_unitario": "R$ 102.900,00",
      "valor_total": "R$ 102.900,00",
      "catmat_catser": "481646",
      "tipo": "Serviço",
      "locais_execucao_entrega": "Brasília (DF)"
    },
    {
      "descricao": "Treinamento ministrado por proﬁssional cer\u0001ﬁcado pelo fabricante.",
      "especificacao": "Treinamento ministrado por proﬁssional cer\u0001ﬁcado pelo fabricante.",
      "unidade_medida": "CAPACITAÇÃO",
      "quantidade": "01",
      "valor_unitario": "R$ 18.500,00",
      "valor_total": "R$ 18.500,00",
      "catmat_catser": "16837",
      "tipo": "Serviço",
      "locais_execucao_entrega": "Brasília (DF)"
    },
    {
      "descricao": "Plataforma de ZTNA - Zero Trust Network Access,  com instalação, suporte, garan\u0001a e licenciamento inclusos.",
      "especificacao": "Plataforma de ZTNA - Zero Trust Network Access,  com instalação, suporte, garan\u0001a e licenciamento inclusos.",
      "unidade_medida": "SERVIÇO",
      "quantidade": "01",
      "valor_unitario": "R$ 737.000,00",
      "valor_total": "R$ 737.000,00",
      "catmat_catser": "27472",
      "tipo": "Serviço",
      "locais_execucao_entrega": "Brasília (DF)"
    }
  ],
  "fonte_preco": "Contrato",
  "referencia_contrato": "14/2024",
  "anexo_contrato": "https://sei.agro.gov.br/sei/controlador.php?acao=documento_imprimir_web&acao_origem=arvore_visualizar&id_documento=48148160&infra_si…",
  "status_extracao": "Sucesso"
}