{
  "numero_contrato": "052748/2024",
  "tipo_instrumento": "Contrato Administrativo",
  "processo_administrativo": "00060-00288007/2021-62",
  "data_celebracao": "04/11/2024",
  "orgao_contratante": {
    "razao_social": "DISTRITO FEDERAL, por intermédio da SECRETARIA DE ESTADO DE SAÚDE",
    "sigla": "SES/DF",
    "cnpj": "00.394.700/0001-08"
  },
  "empresa_contratada": {
    "razao_social": "BHIOS PRODUTOS E SERVICOS PARA APOIO CLINICO LTDA",
    "cnpj": "22.666.117/0001-41"
  },
  "itens": [
    {
      "descricao": "Contratação de empresa especializada em prestação de serviços de Manutenção preventiva e corretiva com reposição de peças de 21 (vinte e um) Perfuradores Ortopédicos, marca TECNOAR",
      "especificacao": "Manutenção preventiva e corretiva com reposição de peças de 21 (vinte e um) Perfuradores Ortopédicos, marca TECNOAR",
      "unidade_medida": "UNIDADE",
      "quantidade": "21",
      "valor_unitario": "R$ 826,88",
      "valor_total": "R$ 208.373,76",
      "catmat_catser": "5428",
      "tipo": "Serviço",
      "locais_execucao_entrega": "HRS (DF), HRPL (DF), HRC (DF), HRG (DF), HRL (DF), HRT (DF)"
    }
  ],
  "fonte_preco": "Contrato",
  "referencia_contrato": "052748/2024",
  "anexo_contrato": "Não especificado",
  "status_extracao": "Sucesso"
}