{
  "filename": "00396895000125-000130-2024.pdf",
  "success": true,
  "processing_time": 5.6018102169036865,
  "error": null,
  "steps_completed": [
    "ai_analysis",
    "json_saved",
    "json_parsed"
  ],
  "extracted_json": "{\n  \"numero_contrato\": \"10/2024\",\n  \"tipo_instrumento\": \"Contrato\",\n  \"processo_administrativo\": \"21000.090740/2023-02\",\n  \"data_celebracao\": \"15/04/2024\",\n  \"orgao_contratante\": {\n    \"razao_social\": \"MINISTÉRIO DA AGRICULTURA E PECUÁRIA\",\n    \"sigla\": \"MAPA\",\n    \"cnpj\": \"00.396.895/0011-05\"\n  },\n  \"empresa_contratada\": {\n    \"razao_social\": \"INCON AUTOMAÇÃO ELETRÔNICA LTDA\",\n    \"cnpj\": \"09.109.405/0001-37\"\n  },\n  \"itens\": [\n    {\n      \"descricao\": \"Dosímetros digitais para medição de ruído, sem fio e certificado de calibração.\",\n      \"especificacao\": \"Dosímetros digitais para medição de ruído, sem fio e certificado de calibração.\",\n      \"unidade_medida\": \"Unidade\",\n      \"quantidade\": \"6\",\n      \"valor_unitario\": \"R$ 3.000,00\",\n      \"valor_total\": \"R$ 18.000,00\",\n      \"catmat_catser\": \"440208\",\n      \"tipo\": \"Material\",\n      \"locais_execucao_entrega\": \"Brasília (DF)\"\n    },\n    {\n      \"descricao\": \"Calibrador de dosímetro, certificados de calibração e maleta de transporte.\",\n      \"especificacao\": \"Calibrador de dosímetro, certificados de calibração e maleta de transporte.\",\n      \"unidade_medida\": \"Unidade\",\n      \"quantidade\": \"3\",\n      \"valor_unitario\": \"R$ 890,00\",\n      \"valor_total\": \"R$ 2.670,00\",\n      \"catmat_catser\": \"423348\",\n      \"tipo\": \"Material\",\n      \"locais_execucao_entrega\": \"Brasília (DF)\"\n    },\n    {\n      \"descricao\": \"Medidor digital de stress térmico, com acessórios, maleta de transporte e certificado de calibração.\",\n      \"especificacao\": \"Medidor digital de stress térmico, com acessórios, maleta de transporte e certificado de calibração.\",\n      \"unidade_medida\": \"Unidade\",\n      \"quantidade\": \"3\",\n      \"valor_unitario\": \"R$ 4.140,00\",\n      \"valor_total\": \"R$ 12.420,00\",\n      \"catmat_catser\": \"482680\",\n      \"tipo\": \"Material\",\n      \"locais_execucao_entrega\": \"Brasília (DF)\"\n    }\n  ],\n  \"fonte_preco\": \"Contrato\",\n  \"referencia_contrato\": \"10/2024\",\n  \"anexo_contrato\": \"https://sei.agro.gov.br/sei/controlador_externo.php?\\nacao=documento_conferir&id_orgao_acesso_externo=0\",\n  \"status_extracao\": \"Sucesso\"\n}",
  "moved_pdf_path": "PdfLidos\\00396895000125-000130-2024.pdf"
}