{
  "numero_contrato": "5/2024",
  "tipo_instrumento": "Termo de Contrato Administrativo",
  "processo_administrativo": "02209.001007/2023-32",
  "data_celebracao": null,
  "orgao_contratante": {
    "razao_social": "SERVIÇO FLORESTAL BRASILEIRO",
    "sigla": "SFB",
    "cnpj": "37.115.375/0008-83"
  },
  "empresa_contratada": {
    "razao_social": "TELESUL COMUNICAÇÕES LTDA",
    "cnpj": "57.229.601/0001-98"
  },
  "itens": [
    {
      "descricao": "Sala de Videoconferência",
      "especificacao": null,
      "unidade_medida": "Unidade",
      "quantidade": "4",
      "valor_unitario": "R$ 127.812,54",
      "valor_total": "R$ 511.250,16",
      "catmat_catser": "18627",
      "tipo": "Material",
      "locais_execucao_entrega": "Brasília (DF)"
    },
    {
      "descricao": "Serviço eventual/instalação",
      "especificacao": null,
      "unidade_medida": "Serviço",
      "quantidade": "1",
      "valor_unitario": "R$ 57.971,02",
      "valor_total": "R$ 57.971,02",
      "catmat_catser": "18627",
      "tipo": "Serviço",
      "locais_execucao_entrega": "Brasília (DF)"
    }
  ],
  "fonte_preco": "Contrato",
  "referencia_contrato": "5/2024",
  "anexo_contrato": null,
  "status_extracao": "Sucesso"
}