{
  "numero_contrato": "11/2024",
  "tipo_instrumento": "Contrato de Prestação de Serviços",
  "processo_administrativo": "21000.072525/2023-11",
  "data_celebracao": null,
  "orgao_contratante": {
    "razao_social": "MINISTÉRIO DA AGRICULTURA E PECUÁRIA",
    "sigla": "MAPA",
    "cnpj": "00.396.895/0011-05"
  },
  "empresa_contratada": {
    "razao_social": "MSTUR TRANSPORTES E SERVIÇOS EIRELI",
    "cnpj": "21.998.504/0001-12"
  },
  "itens": [
    {
      "descricao": "Serviço de locação de veículos, com motorista, para transporte de delegados e autoridades brasileiras e estrangeiras que participarão da REUNIÃO DE GRUPO DE TRABALHO NO G20, do Ministério da Agricultura e Pecuária - MAPA (UASG 130005).",
      "especificacao": null,
      "unidade_medida": "Serviço",
      "quantidade": "1",
      "valor_unitario": "R$ 180.000,00",
      "valor_total": null,
      "catmat_catser": "4014",
      "tipo": "Serviço",
      "locais_execucao_entrega": null
    },
    {
      "descricao": "Serviço de locação de veículos, com motorista, para transporte de delegados e autoridades brasileiras e estrangeiras que participarão da REUNIÃO MINISTERIAL NO G20, do Ministério da Agricultura e Pecuária - MAPA (UASG 130005).",
      "especificacao": null,
      "unidade_medida": "Serviço",
      "quantidade": "1",
      "valor_unitario": "R$ 385.000,00",
      "valor_total": null,
      "catmat_catser": "4014",
      "tipo": "Serviço",
      "locais_execucao_entrega": null
    }
  ],
  "fonte_preco": "Contrato",
  "referencia_contrato": "11/2024",
  "anexo_contrato": "https://sei.agro.gov.br/sei/controlador.php?acao=documento_imprimir_web&acao_origem=arvore_visualizar&id_documento=47776480&infra_sistema=100000100&infra_unidade_atual=110004219&infra_hash=4e9…",
  "status_extracao": "Parcial"
}