{
  "numero_contrato": "006/2023",
  "tipo_instrumento": "Contrato de Prestação de Serviços",
  "processo_administrativo": "00070-00000989/2023-03",
  "data_celebracao": "30/05/2023",
  "orgao_contratante": {
    "razao_social": "DISTRITO FEDERAL por intermédio da SECRETARIA DE ESTADO DA AGRICULTURA, ABASTECIMENTO E DESENVOLVIMENTO RURAL",
    "sigla": "SEAGRI-DF",
    "cnpj": "03.318.233/0001-25"
  },
  "empresa_contratada": {
    "razao_social": "SECRETARIA DE AGRICULTURA E ABASTECIMENTO - INSTITUTO BIOLÓGICO",
    "cnpj": "46.384.400/0024-35"
  },
  "itens": [
    {
      "descricao": "Realização de exames sorológicos de detecção do vírus da Peste Suína Clássica (PSC)",
      "especificacao": "Técnica “ELISA” (Enzyme-Linked Immunosorbent Assay)",
      "unidade_medida": "Exame",
      "quantidade": "Não especificado",
      "valor_unitario": "Não especificado",
      "valor_total": "R$ 18.000,00",
      "catmat_catser": "Não especificado",
      "tipo": "Serviço",
      "locais_execucao_entrega": "Avenida Conselheiro Rodrigues 1252, Vila Mariana - SP, Setor de Áreas Isoladas Norte, Parque Estação Biológica s/n, Asa Norte, Brasília (DF)"
    }
  ],
  "fonte_preco": "Contrato",
  "referencia_contrato": "006/2023",
  "anexo_contrato": "https://sei.df.gov .br/sei/controlador .php?acao=documento_imprimir_web&acao_origem=arvore_visualizar&id_documento=127298779&infra_siste",
  "status_extracao": "Sucesso"
}