{
  "filename": "00394684000153-000113-2024.pdf",
  "success": true,
  "processing_time": 4.190151214599609,
  "error": null,
  "steps_completed": [
    "ai_analysis",
    "json_saved",
    "json_parsed"
  ],
  "extracted_json": "{\n  \"numero_contrato\": \"34/2024\",\n  \"tipo_instrumento\": \"Contrato\",\n  \"processo_administrativo\": \"04043-00000558/2024-25\",\n  \"data_celebracao\": null,\n  \"orgao_contratante\": {\n    \"razao_social\": \"DISTRITO FEDERAL\",\n    \"sigla\": \"VGDF\",\n    \"cnpj\": \"07.187.000/0001-91\"\n  },\n  \"empresa_contratada\": {\n    \"razao_social\": \"CASA ATIVA LTDA\",\n    \"cnpj\": \"15.200.867/0001-68\"\n  },\n  \"itens\": [\n    {\n      \"descricao\": \"Fogão industrial em aço inox\",\n      \"especificacao\": \"Fogão industrial em aço inox, 90cm, 6 bocas. Especificações técnicas mínimas: Queimadores superiores 5 grandes e um pequeno e grelhas de ferro fundido com acabamento esmaltado a fogo Revestimento externo em aço inoxidável Acendimento automático elétrico para todos os queimadores Forno de alto rendimento, com capacidade de aquecimento de até 300°C. Modelo/qualidade similar ao fogão Don Bidone Venâncio ou superior. Garantia: 1 ano.\",\n      \"unidade_medida\": \"Unidade\",\n      \"quantidade\": \"1\",\n      \"valor_unitario\": \"R$ 6.130,81\",\n      \"valor_total\": \"R$ 6.130,81\",\n      \"catmat_catser\": \"451454\",\n      \"tipo\": \"Material\",\n      \"locais_execucao_entrega\": \"LAGO SUL (DF)\"\n    }\n  ],\n  \"fonte_preco\": \"Contrato\",\n  \"referencia_contrato\": \"34/2024\",\n  \"anexo_contrato\": null,\n  \"status_extracao\": \"Sucesso\"\n}",
  "moved_pdf_path": "PdfLidos\\00394684000153-000113-2024.pdf"
}