{
  "numero_contrato": "01/2023",
  "tipo_instrumento": "Contrato",
  "processo_administrativo": "21043.001331/2022-54",
  "data_celebracao": "12/09/2023",
  "orgao_contratante": {
    "razao_social": "MINISTÉRIO DA AGRICULTURA E PECUÁRIA",
    "sigla": "MAPA",
    "cnpj": "00.396.895/0045-46"
  },
  "empresa_contratada": {
    "razao_social": "LIFE TECHNOLOGIES BRASIL COMÉRCIO E INDÚSTRIA DE PRODUTOS PARA BIOTECNOLOGIA LTDA",
    "cnpj": "63.067.904/0002-35"
  },
  "itens": [
    {
      "descricao": "Manutenção preventiva (AB Maintenance 1PM) em sistema RT-PCR, modelo 7500 Real Time PCR System, número de série 275002110, marca Applied Biosystems",
      "especificacao": null,
      "unidade_medida": "Serviço",
      "quantidade": "1",
      "valor_unitario": "R$ 12.921,13",
      "valor_total": "R$ 12.921,13",
      "catmat_catser": "16314",
      "tipo": "Serviço",
      "locais_execucao_entrega": "Porto Alegre (RS)"
    },
    {
      "descricao": "Qualificação operacional (Add On Qualificação) em sistema RT-PCR, modelo 7500 Real Time PCR System, número de série 275002110, marca Applied Biosystems",
      "especificacao": null,
      "unidade_medida": "Serviço",
      "quantidade": "1",
      "valor_unitario": "R$ 30.121,47",
      "valor_total": "R$ 30.121,47",
      "catmat_catser": "16314",
      "tipo": "Serviço",
      "locais_execucao_entrega": "Porto Alegre (RS)"
    },
    {
      "descricao": "Calibração (Add On Calibração) em sistema RT-PCR, modelo 7500 Real Time PCR System, número de série 275002110, marca Applied Biosystems",
      "especificacao": null,
      "unidade_medida": "Serviço",
      "quantidade": "1",
      "valor_unitario": "R$ 13.209,10",
      "valor_total": "R$ 13.209,10",
      "catmat_catser": "16314",
      "tipo": "Serviço",
      "locais_execucao_entrega": "Porto Alegre (RS)"
    },
    {
      "descricao": "Manutenção preventiva (AB Maintenance 1PM) em sistema RT-PCR, modelo QuantStudio 3, número de série 272322196, marca Applied Biosystems",
      "especificacao": null,
      "unidade_medida": "Serviço",
      "quantidade": "1",
      "valor_unitario": "R$ 13.757,81",
      "valor_total": "R$ 13.757,81",
      "catmat_catser": "16314",
      "tipo": "Serviço",
      "locais_execucao_entrega": "Porto Alegre (RS)"
    },
    {
      "descricao": "Qualificação operacional (Add On Qualificação em sistema RT-PCR, modelo QuantStudio 3, número de série 272322196, marca Applied Biosystems",
      "especificacao": null,
      "unidade_medida": "Serviço",
      "quantidade": "1",
      "valor_unitario": "R$ 39.338,45",
      "valor_total": "R$ 39.338,45",
      "catmat_catser": "16314",
      "tipo": "Serviço",
      "locais_execucao_entrega": "Porto Alegre (RS)"
    },
    {
      "descricao": "Manutenção preventiva (Add On Calibração) em sistema RT-PCR, modelo QuantStudio 3, número de série 272322196, marca Applied Biosystems",
      "especificacao": null,
      "unidade_medida": "Serviço",
      "quantidade": "1",
      "valor_unitario": "R$ 9.344,94",
      "valor_total": "R$ 9.344,94",
      "catmat_catser": "16314",
      "tipo": "Serviço",
      "locais_execucao_entrega": "Porto Alegre (RS)"
    },
    {
      "descricao": "Manutenção preventiva (AB Maintenance 1PM) em sistema RT-PCR, modelo QuantStudio 3, número de série 272322230, marca Applied Biosystems",
      "especificacao": null,
      "unidade_medida": "Serviço",
      "quantidade": "1",
      "valor_unitario": "R$ 13.757,81",
      "valor_total": "R$ 13.757,81",
      "catmat_catser": "16314",
      "tipo": "Serviço",
      "locais_execucao_entrega": "Porto Alegre (RS)"
    },
    {
      "descricao": "Qualificação operacional (Add On Qualificação em sistema RT-PCR, modelo QuantStudio 3, número de série 272322230, marca Applied Biosystems",
      "especificacao": null,
      "unidade_medida": "Serviço",
      "quantidade": "1",
      "valor_unitario": "R$ 39.338,45",
      "valor_total": "R$ 39.338,45",
      "catmat_catser": "16314",
      "tipo": "Serviço",
      "locais_execucao_entrega": "Porto Alegre (RS)"
    },
    {
      "descricao": "Manutenção preventiva (Add On Calibração) em sistema RT-PCR, modelo QuantStudio 3, número de série 272322230, marca Applied Biosystems",
      "especificacao": null,
      "unidade_medida": "Serviço",
      "quantidade": "1",
      "valor_unitario": "R$ 9.344,94",
      "valor_total": "R$ 9.344,94",
      "catmat_catser": "16314",
      "tipo": "Serviço",
      "locais_execucao_entrega": "Porto Alegre (RS)"
    },
    {
      "descricao": "Manutenção preventiva (AB Maintenance 1PM) em espectrofotômetro, modelo NanoDrop Série 2000C, número de série AZY1811540, marca Thermo Fisher Scientific",
      "especificacao": null,
      "unidade_medida": "Serviço",
      "quantidade": "1",
      "valor_unitario": "R$ 10.253,78",
      "valor_total": "R$ 10.253,78",
      "catmat_catser": "16314",
      "tipo": "Serviço",
      "locais_execucao_entrega": "Porto Alegre (RS)"
    },
    {
      "descricao": "Manutenção preventiva (AB Maintenance 1PM) em sistema automatizado de extração de ácidos nucleicos, modelo King Fisher Flex, número de série 711-2345, marca Thermo Fisher Scientific",
      "especificacao": null,
      "unidade_medida": "Serviço",
      "quantidade": "1",
      "valor_unitario": "R$ 12.444,00",
      "valor_total": "R$ 12.444,00",
      "catmat_catser": "16314",
      "tipo": "Serviço",
      "locais_execucao_entrega": "Porto Alegre (RS)"
    },
    {
      "descricao": "Qualificação operacional (AB Maintenance 1PM) em sistema automatizado de extração de ácidos nucleicos, modelo King Fisher Flex, número de série 711-2345, marca Thermo Fisher Scientific",
      "especificacao": null,
      "unidade_medida": "Serviço",
      "quantidade": "1",
      "valor_unitario": "R$ 18.845,71",
      "valor_total": "R$ 18.845,71",
      "catmat_catser": "16314",
      "tipo": "Serviço",
      "locais_execucao_entrega": "Porto Alegre (RS)"
    },
    {
      "descricao": "Horas técnicas destinadas à manutenções corretivas. Será considerado o montante de 50 horas técnicas, sendo este quantitativo apenas estimado, pago sob demanda, e prevendo cenários atípicos de manutenção.",
      "especificacao": null,
      "unidade_medida": "Serviço",
      "quantidade": "50",
      "valor_unitario": "R$ 579,33",
      "valor_total": "R$ 28.966,50",
      "catmat_catser": "16314",
      "tipo": "Serviço",
      "locais_execucao_entrega": "Porto Alegre (RS)"
    },
    {
      "descricao": "Custos de deslocamento para atendimento de manutenções corretivas. Será considerado o montante de 5 chamados anuais, sendo este quantitativo apenas estimado, pago sob demanda, e prevendo cenários atípicos de manutenção.",
      "especificacao": null,
      "unidade_medida": "Deslocamento",
      "quantidade": "5",
      "valor_unitario": "R$ 3.623,22",
      "valor_total": "R$ 18.116,10",
      "catmat_catser": "16314",
      "tipo": "Serviço",
      "locais_execucao_entrega": "Porto Alegre (RS)"
    },
    {
      "descricao": "Custos de cobertura de peças e consumíveis. Será considerado o montante de R$ 200.000,00, sendo este quantitativo apenas estimado, pago sob demanda, e prevendo cenários atípicos de manutenção.",
      "especificacao": null,
      "unidade_medida": "Peças",
      "quantidade": "1",
      "valor_unitario": "R$ 200.000,00",
      "valor_total": "R$ 200.000,00",
      "catmat_catser": "16898",
      "tipo": "Material",
      "locais_execucao_entrega": "Porto Alegre (RS)"
    }
  ],
  "fonte_preco": "Contrato",
  "referencia_contrato": "01/2023",
  "anexo_contrato": "https://sei.agro.gov .br/sei/controlador .php?acao=documento_imprimir_web&acao_origem=arvore_visualizar&id_documento=39143920&infra_sistema=100000100&infra_unidade_atual=1 10003218&infra_hash=0a9f",
  "status_extracao": "Sucesso"
}