{
  "filename": "00396895000125-000020-2024.pdf",
  "success": true,
  "processing_time": 7.412025451660156,
  "error": null,
  "steps_completed": [
    "ai_analysis",
    "json_saved",
    "json_parsed"
  ],
  "extracted_json": "{\n  \"numero_contrato\": \"01/2024\",\n  \"tipo_instrumento\": \"Contrato\",\n  \"processo_administrativo\": \"21012.002346/2023-88\",\n  \"data_celebracao\": \"11/04/2024\",\n  \"orgao_contratante\": {\n    \"razao_social\": \"Superintendência Federal de Agricultura na Bahia\",\n    \"sigla\": \"SFA/BA\",\n    \"cnpj\": \"00.396.895/0024-11\"\n  },\n  \"empresa_contratada\": {\n    \"razao_social\": \"Sol e Luz Comércio e Servicos Ltda\",\n    \"cnpj\": \"17.974.034/0001-80\"\n  },\n  \"itens\": [\n    {\n      \"descricao\": \"Outsourcing de Impressão – Páginas A3 Policromática – locação de equipamento – 30 PPM\",\n      \"especificacao\": null,\n      \"unidade_medida\": \"UNIDADE\",\n      \"quantidade\": \"1\",\n      \"valor_unitario\": \"R$ 314,00\",\n      \"valor_total\": \"R$ 3.768,00\",\n      \"catmat_catser\": \"26808\",\n      \"tipo\": \"Serviço\",\n      \"locais_execucao_entrega\": \"Salvador (BA)\"\n    },\n    {\n      \"descricao\": \"Outsourcing de Impressão – Páginas A4 – Monocromático - Locação de Equipamento -  31 A 45 PPM\",\n      \"especificacao\": null,\n      \"unidade_medida\": \"UNIDADE\",\n      \"quantidade\": \"11\",\n      \"valor_unitario\": \"R$ 140,00\",\n      \"valor_total\": \"R$ 18.480,00\",\n      \"catmat_catser\": \"26743\",\n      \"tipo\": \"Serviço\",\n      \"locais_execucao_entrega\": \"Salvador (BA), Barreiras (BA), Vitória da Conquista (BA), Porto Seguro (BA), Teixeira de Freitas (BA), Itabuna (BA), Ilhéus (BA)\"\n    },\n    {\n      \"descricao\": \"Outsourcing de Impressão – locação página impressa – policromática – página A3 – sem papel\",\n      \"especificacao\": null,\n      \"unidade_medida\": \"PÁGINA\",\n      \"quantidade\": \"200\",\n      \"valor_unitario\": \"R$ 0,93\",\n      \"valor_total\": \"R$ 2.232,00\",\n      \"catmat_catser\": \"26875\",\n      \"tipo\": \"Serviço\",\n      \"locais_execucao_entrega\": \"Salvador (BA)\"\n    },\n    {\n      \"descricao\": \"Outsourcing de Impressão – locação página impressa – policromática – página A4 – sem papel\",\n      \"especificacao\": null,\n      \"unidade_medida\": \"PÁGINA\",\n      \"quantidade\": \"600\",\n      \"valor_unitario\": \"R$ 0,44\",\n      \"valor_total\": \"R$ 3.168,00\",\n      \"catmat_catser\": \"26859\",\n      \"tipo\": \"Serviço\",\n      \"locais_execucao_entrega\": \"Salvador (BA)\"\n    },\n    {\n      \"descricao\": \"Outsourcing de Impressão – locação página impressa – monocromática – página A4 – sem papel\",\n      \"especificacao\": null,\n      \"unidade_medida\": \"PÁGINA\",\n      \"quantidade\": \"6970\",\n      \"valor_unitario\": \"R$ 0,07\",\n      \"valor_total\": \"R$ 5.854,80\",\n      \"catmat_catser\": \"26816\",\n      \"tipo\": \"Serviço\",\n      \"locais_execucao_entrega\": \"Salvador (BA)\"\n    }\n  ],\n  \"fonte_preco\": \"Contrato\",\n  \"referencia_contrato\": \"01/2024\",\n  \"anexo_contrato\": \"https://sei.agro.gov.br/sei/controlador.php?acao=documento_imprimir_web&acao_origem=arvore_visualizar&id_documento=46340984&infra_…\",\n  \"status_extracao\": \"Sucesso\"\n}",
  "moved_pdf_path": "PdfLidos\\00396895000125-000020-2024.pdf"
}