{
  "numero_contrato": "2/2024",
  "tipo_instrumento": "Contrato de Aquisição de Bens",
  "processo_administrativo": "04043-00001630/2023-51",
  "data_celebracao": null,
  "orgao_contratante": {
    "razao_social": "GABINETE DA VICE-GOVERNADORA DO DISTRITO FEDERAL",
    "sigla": "VGDF",
    "cnpj": "07.187.000/0001-91"
  },
  "empresa_contratada": {
    "razao_social": "ATLAS ENGENHARIA E PROJETOS LTDA",
    "cnpj": "51.097.157/0001-18"
  },
  "itens": [
    {
      "descricao": "Ar-Condicionado Portátil",
      "especificacao": "Capacidade mínima (BTU/h): 9.000 BTU/h, Gás Refrigerante: R-410A, Ciclo: Frio, Voltagem: 220v, nível De Ruído máximo: 55dba, dimensões mínimas (p X L X H):36,5 X 36,5cm X 86,0 Cm peso Bruto(kg): 30 Kg, garantia: 1 Ano (ofertada Pelo Fornecedor).",
      "unidade_medida": "Unidade",
      "quantidade": "2",
      "valor_unitario": "R$ 3.400,00",
      "valor_total": "R$ 6.800,00",
      "catmat_catser": "602756",
      "tipo": "Material",
      "locais_execucao_entrega": "LAGOSUL/DF"
    },
    {
      "descricao": "Ar-Condicionado",
      "especificacao": "Descrição: capacidade de refrigeração 9.000Btu/h; modelo SPLIT INVERTER, Tensão: 220V. Frequência: 60 Hz, com a maior eficiência energética da categoria. Garantia: Mínima 12 (doze) meses(do fabricante); fornecimento e instalação.",
      "unidade_medida": "Unidade",
      "quantidade": "7",
      "valor_unitario": "R$ 2.666,00",
      "valor_total": "R$ 18.662,00",
      "catmat_catser": "2020",
      "tipo": "Material",
      "locais_execucao_entrega": "LAGOSUL/DF"
    }
  ],
  "fonte_preco": "Contrato",
  "referencia_contrato": "2/2024",
  "anexo_contrato": null,
  "status_extracao": "Sucesso"
}