{
  "numero_contrato": "022/2023",
  "tipo_instrumento": "Contrato",
  "processo_administrativo": "00063-00004260/2023-51",
  "data_celebracao": null,
  "orgao_contratante": {
    "razao_social": "FUNDAÇÃO HEMOCENTRO DE BRASÍLIA",
    "sigla": "FHB",
    "cnpj": "86.743.457/0001-01"
  },
  "empresa_contratada": {
    "razao_social": "FRESENIUS HEMOCARE BRASIL LTDA.",
    "cnpj": "49.601.107/0001-84"
  },
  "itens": [
    {
      "descricao": "BOLSA PARA ARMAZENAMENTO DE CONCENTRADO DE PLAQUETAS COM FILTRO ACOPLADO PARA FILTRAÇÃO DE CONCENTRADO DE PLAQUETAS",
      "especificacao": null,
      "unidade_medida": "Unidade",
      "quantidade": "3.280",
      "valor_unitario": "R$83,79",
      "valor_total": "R$274.831,20",
      "catmat_catser": "422498",
      "tipo": "Material",
      "locais_execucao_entrega": "Brasília (DF)"
    },
    {
      "descricao": "BOLSA TRIPLA PARA COLETA DE SANGUE CPD/SAG-M (PLAQUETAS 5 DIAS)",
      "especificacao": null,
      "unidade_medida": "Unidade",
      "quantidade": "5.516",
      "valor_unitario": "R$45,53",
      "valor_total": "R$251.143,48",
      "catmat_catser": "373487",
      "tipo": "Material",
      "locais_execucao_entrega": "Brasília (DF)"
    },
    {
      "descricao": "BOLSA QUÁDRUPLA CPD/SAG-M TOP AND BOTTOM (TAB) COM FILTRO ACOPLADO PARA FILTRAÇÃO DE CONCENTRADO DE HEMÁCIAS",
      "especificacao": null,
      "unidade_medida": "Unidade",
      "quantidade": "22.008",
      "valor_unitario": "R$93,56",
      "valor_total": "R$2.059.068,48",
      "catmat_catser": "370519",
      "tipo": "Material",
      "locais_execucao_entrega": "Brasília (DF)"
    },
    {
      "descricao": "EXTRATOR AUTOMÁTICO",
      "especificacao": null,
      "unidade_medida": "Unidade",
      "quantidade": "8",
      "valor_unitario": "R$13.764,08",
      "valor_total": "R$82.584,48",
      "catmat_catser": "298541",
      "tipo": "Serviço",
      "locais_execucao_entrega": "Brasília (DF)"
    },
    {
      "descricao": "HOMOGENEIZADOR AUTOMÁTICO DE BOLSAS DE SANGUE",
      "especificacao": null,
      "unidade_medida": "Unidade",
      "quantidade": "22",
      "valor_unitario": "R$17.023,38",
      "valor_total": "R$102.140,28",
      "catmat_catser": "451521",
      "tipo": "Serviço",
      "locais_execucao_entrega": "Brasília (DF)"
    }
  ],
  "fonte_preco": "Contrato",
  "referencia_contrato": "022/2023",
  "anexo_contrato": null,
  "status_extracao": "Sucesso"
}