{
  "numero_contrato": "8/2024",
  "tipo_instrumento": "Contrato",
  "processo_administrativo": "21028.003247/2024-25",
  "data_celebracao": "01/07/2024",
  "orgao_contratante": {
    "razao_social": "Superintendência de Agricultura e Pecuária em Minas Gerais",
    "sigla": "SFA-MG",
    "cnpj": "00.396.895/0026-83"
  },
  "empresa_contratada": {
    "razao_social": "SEGEX SEGURANÇA PRIVADA LTDA",
    "cnpj": "12.751.850/0001-00"
  },
  "itens": [
    {
      "descricao": "Vigilante Armado Diurno 12x36",
      "especificacao": "Posto",
      "unidade_medida": "Posto",
      "quantidade": "2",
      "valor_unitario": "R$ 13.500,00",
      "valor_total": "R$ 27.000,00",
      "catmat_catser": "24015",
      "tipo": "Serviço",
      "locais_execucao_entrega": "Belo Horizonte (MG)"
    },
    {
      "descricao": "Vigilante Armado Noturno 12x36",
      "especificacao": "Posto",
      "unidade_medida": "Posto",
      "quantidade": "2",
      "valor_unitario": "R$ 16.000,00",
      "valor_total": "R$ 32.000,00",
      "catmat_catser": "24015",
      "tipo": "Serviço",
      "locais_execucao_entrega": "Belo Horizonte (MG)"
    }
  ],
  "fonte_preco": "Contrato",
  "referencia_contrato": "8/2024",
  "anexo_contrato": "https://sei.agro.gov.br/sei/controlador.php?acao=documento_imprimir_web&acao_origem=arvore_visualizar&id_documento=49202547&infra_…",
  "status_extracao": "Sucesso"
}