{
  "filename": "00394684000153-000015-2023.pdf",
  "success": true,
  "processing_time": 6.102156400680542,
  "error": null,
  "steps_completed": [
    "ai_analysis",
    "json_saved",
    "json_parsed"
  ],
  "extracted_json": "{\n  \"numero_contrato\": \"022/2023\",\n  \"tipo_instrumento\": \"Contrato\",\n  \"processo_administrativo\": \"00063-00004260/2023-51\",\n  \"data_celebracao\": null,\n  \"orgao_contratante\": {\n    \"razao_social\": \"FUNDAÇÃO HEMOCENTRO DE BRASÍLIA\",\n    \"sigla\": \"FHB\",\n    \"cnpj\": \"86.743.457/0001-01\"\n  },\n  \"empresa_contratada\": {\n    \"razao_social\": \"FRESENIUS HEMOCARE BRASIL LTDA.\",\n    \"cnpj\": \"49.601.107/0001-84\"\n  },\n  \"itens\": [\n    {\n      \"descricao\": \"BOLSA PARA ARMAZENAMENTO DE CONCENTRADO DE PLAQUETAS COM FILTRO ACOPLADO PARA FILTRAÇÃO DE CONCENTRADO DE PLAQUETAS\",\n      \"especificacao\": null,\n      \"unidade_medida\": \"Unidade\",\n      \"quantidade\": \"3.280\",\n      \"valor_unitario\": \"R$83,79\",\n      \"valor_total\": \"R$274.831,20\",\n      \"catmat_catser\": \"422498\",\n      \"tipo\": \"Material\",\n      \"locais_execucao_entrega\": \"Brasília (DF)\"\n    },\n    {\n      \"descricao\": \"BOLSA TRIPLA PARA COLETA DE SANGUE CPD/SAG-M (PLAQUETAS 5 DIAS)\",\n      \"especificacao\": null,\n      \"unidade_medida\": \"Unidade\",\n      \"quantidade\": \"5.516\",\n      \"valor_unitario\": \"R$45,53\",\n      \"valor_total\": \"R$251.143,48\",\n      \"catmat_catser\": \"373487\",\n      \"tipo\": \"Material\",\n      \"locais_execucao_entrega\": \"Brasília (DF)\"\n    },\n    {\n      \"descricao\": \"BOLSA QUÁDRUPLA CPD/SAG-M TOP AND BOTTOM (TAB) COM FILTRO ACOPLADO PARA FILTRAÇÃO DE CONCENTRADO DE HEMÁCIAS\",\n      \"especificacao\": null,\n      \"unidade_medida\": \"Unidade\",\n      \"quantidade\": \"22.008\",\n      \"valor_unitario\": \"R$93,56\",\n      \"valor_total\": \"R$2.059.068,48\",\n      \"catmat_catser\": \"370519\",\n      \"tipo\": \"Material\",\n      \"locais_execucao_entrega\": \"Brasília (DF)\"\n    },\n    {\n      \"descricao\": \"EXTRATOR AUTOMÁTICO\",\n      \"especificacao\": null,\n      \"unidade_medida\": \"Unidade\",\n      \"quantidade\": \"8\",\n      \"valor_unitario\": \"R$13.764,08\",\n      \"valor_total\": \"R$82.584,48\",\n      \"catmat_catser\": \"298541\",\n      \"tipo\": \"Serviço\",\n      \"locais_execucao_entrega\": \"Brasília (DF)\"\n    },\n    {\n      \"descricao\": \"HOMOGENEIZADOR AUTOMÁTICO DE BOLSAS DE SANGUE\",\n      \"especificacao\": null,\n      \"unidade_medida\": \"Unidade\",\n      \"quantidade\": \"22\",\n      \"valor_unitario\": \"R$17.023,38\",\n      \"valor_total\": \"R$102.140,28\",\n      \"catmat_catser\": \"451521\",\n      \"tipo\": \"Serviço\",\n      \"locais_execucao_entrega\": \"Brasília (DF)\"\n    }\n  ],\n  \"fonte_preco\": \"Contrato\",\n  \"referencia_contrato\": \"022/2023\",\n  \"anexo_contrato\": null,\n  \"status_extracao\": \"Sucesso\"\n}",
  "moved_pdf_path": "PdfLidos\\00394684000153-000015-2023.pdf"
}