{
  "filename": "00394684000153-000085-2024.pdf",
  "success": false,
  "processing_time": 7.623803377151489,
  "error": "'charmap' codec can't encode character '\\ufb01' in position 621: character maps to <undefined>",
  "steps_completed": [
    "ai_analysis"
  ],
  "extracted_json": "{\n  \"numero_contrato\": \"24/2024\",\n  \"tipo_instrumento\": \"Contrato\",\n  \"processo_administrativo\": \"04043-00001698/2023-30\",\n  \"data_celebracao\": null,\n  \"orgao_contratante\": {\n    \"razao_social\": \"DISTRITO FEDERAL, POR INTERMÉDIO DA VICE-GOVERNADORIA DO DISTRITO FEDERAL\",\n    \"sigla\": \"VGDF\",\n    \"cnpj\": \"07.187.000/0001-91\"\n  },\n  \"empresa_contratada\": {\n    \"razao_social\": \"53.111.194 MATHEUS LETTIERY SILVA NASCIMENTO\",\n    \"cnpj\": \"53.111.194/0001-69\"\n  },\n  \"itens\": [\n    {\n      \"descricao\": \"Estabilizador de para celular 3 eixos\",\n      \"especificacao\": \"Tipo mão , Comunicação: Bluetooth; Conﬁgurado para câmeras de ação; Conﬁgurado para Smartphones; Titulação ângulo 270 graus, Ângulo de rolamento de180 graus, Ângulo panorâmico 320 graus; Tamanho 291x120x50mm\",\n      \"unidade_medida\": \"UNID\",\n      \"quantidade\": \"01\",\n      \"valor_unitario\": \"R$ 745,00\",\n      \"valor_total\": \"R$ 745,00\",\n      \"catmat_catser\": \"485492\",\n      \"tipo\": \"Material\",\n      \"locais_execucao_entrega\": \"LAGO SUL/DF\"\n    },\n    {\n      \"descricao\": \"Iluminador LED 18 Polegadas, 46CM, RingLight 45 W, C/Tripe 1,80 m + 3 suporte tipo de lâmpada LED\",\n      \"especificacao\": \"Potência 12v/5a, Ajuste de Brilho , Iluminação geral 6000Lúmens, Modo de cor: 2/3200k, 580oc(6 luzes amarelas)\",\n      \"unidade_medida\": \"UNID\",\n      \"quantidade\": \"02\",\n      \"valor_unitario\": \"R$ 225,00\",\n      \"valor_total\": \"R$ 450,00\",\n      \"catmat_catser\": \"600317\",\n      \"tipo\": \"Material\",\n      \"locais_execucao_entrega\": \"LAGO SUL/DF\"\n    },\n    {\n      \"descricao\": \"Kit Youtuber 2 Softbox 50 X 70 E27 Luz + 2Tripés 2 m\",\n      \"especificacao\": null,\n      \"unidade_medida\": \"UNID\",\n      \"quantidade\": \"01\",\n      \"valor_unitario\": \"R$ 475,00\",\n      \"valor_total\": \"R$ 475,00\",\n      \"catmat_catser\": \"452766\",\n      \"tipo\": \"Material\",\n      \"locais_execucao_entrega\": \"LAGO SUL/DF\"\n    },\n    {\n      \"descricao\": \"HD Externo 4tb\",\n      \"especificacao\": null,\n      \"unidade_medida\": \"UNID\",\n      \"quantidade\": \"02\",\n      \"valor_unitario\": \"R$ 800,00\",\n      \"valor_total\": \"R$ 1.600,00\",\n      \"catmat_catser\": \"611530\",\n      \"tipo\": \"Material\",\n      \"locais_execucao_entrega\": \"LAGO SUL/DF\"\n    },\n    {\n      \"descricao\": \"Radio Flash C/2 Receptores Para DslrCanon Nikon 16 Canais\",\n      \"especificacao\": \"Frequencia433MHz\",\n      \"unidade_medida\": \"UNID\",\n      \"quantidade\": \"01\",\n      \"valor_unitario\": \"R$ 350,00\",\n      \"valor_total\": \"R$ 350,00\",\n      \"catmat_catser\": \"407103\",\n      \"tipo\": \"Material\",\n      \"locais_execucao_entrega\": \"LAGO SUL/DF\"\n    },\n    {\n      \"descricao\": \"Microfone Lapela Sem Fio – Anrruído\",\n      \"especificacao\": \"Transmissão Sem Fio 200 Metros, 8 Horas de Duração da Bateria, Microfone Duplo\",\n      \"unidade_medida\": \"UNID\",\n      \"quantidade\": \"01\",\n      \"valor_unitario\": \"R$ 910,00\",\n      \"valor_total\": \"R$ 910,00\",\n      \"catmat_catser\": \"610412\",\n      \"tipo\": \"Material\",\n      \"locais_execucao_entrega\": \"LAGO SUL/DF\"\n    }\n  ],\n  \"fonte_preco\": \"Contrato\",\n  \"referencia_contrato\": \"24/2024\",\n  \"anexo_contrato\": null,\n  \"status_extracao\": \"Sucesso\"\n}",
  "moved_pdf_path": "PdfLidos\\00394684000153-000085-2024.pdf"
}