{
  "filename": "00394684000153-000013-2024.pdf",
  "success": true,
  "processing_time": 5.3109290599823,
  "error": null,
  "steps_completed": [
    "ai_analysis",
    "json_saved",
    "json_parsed"
  ],
  "extracted_json": "{\n  \"numero_contrato\": \"2/2024\",\n  \"tipo_instrumento\": \"Contrato de Aquisição de Bens\",\n  \"processo_administrativo\": \"04043-00001630/2023-51\",\n  \"data_celebracao\": null,\n  \"orgao_contratante\": {\n    \"razao_social\": \"GABINETE DA VICE-GOVERNADORA DO DISTRITO FEDERAL\",\n    \"sigla\": \"VGDF\",\n    \"cnpj\": \"07.187.000/0001-91\"\n  },\n  \"empresa_contratada\": {\n    \"razao_social\": \"ATLAS ENGENHARIA E PROJETOS LTDA\",\n    \"cnpj\": \"51.097.157/0001-18\"\n  },\n  \"itens\": [\n    {\n      \"descricao\": \"Ar-Condicionado Portátil\",\n      \"especificacao\": \"Capacidade mínima (BTU/h): 9.000 BTU/h, Gás Refrigerante: R-410A, Ciclo: Frio, Voltagem: 220v, nível De Ruído máximo: 55dba, dimensões mínimas (p X L X H):36,5 X 36,5cm X 86,0 Cm peso Bruto(kg): 30 Kg, garantia: 1 Ano (ofertada Pelo Fornecedor).\",\n      \"unidade_medida\": \"Unidade\",\n      \"quantidade\": \"2\",\n      \"valor_unitario\": \"R$ 3.400,00\",\n      \"valor_total\": \"R$ 6.800,00\",\n      \"catmat_catser\": \"602756\",\n      \"tipo\": \"Material\",\n      \"locais_execucao_entrega\": \"LAGOSUL/DF\"\n    },\n    {\n      \"descricao\": \"Ar-Condicionado\",\n      \"especificacao\": \"Descrição: capacidade de refrigeração 9.000Btu/h; modelo SPLIT INVERTER, Tensão: 220V. Frequência: 60 Hz, com a maior eficiência energética da categoria. Garantia: Mínima 12 (doze) meses(do fabricante); fornecimento e instalação.\",\n      \"unidade_medida\": \"Unidade\",\n      \"quantidade\": \"7\",\n      \"valor_unitario\": \"R$ 2.666,00\",\n      \"valor_total\": \"R$ 18.662,00\",\n      \"catmat_catser\": \"2020\",\n      \"tipo\": \"Material\",\n      \"locais_execucao_entrega\": \"LAGOSUL/DF\"\n    }\n  ],\n  \"fonte_preco\": \"Contrato\",\n  \"referencia_contrato\": \"2/2024\",\n  \"anexo_contrato\": null,\n  \"status_extracao\": \"Sucesso\"\n}",
  "moved_pdf_path": "PdfLidos\\00394684000153-000013-2024.pdf"
}