{
  "numero_contrato": "15/2024",
  "tipo_instrumento": "Contrato",
  "processo_administrativo": "04043-00000297/2024-43",
  "data_celebracao": "23/04/2024",
  "orgao_contratante": {
    "razao_social": "DISTRITO FEDERAL",
    "sigla": "VGDF",
    "cnpj": "07.187.000/0001-91"
  },
  "empresa_contratada": {
    "razao_social": "39.805.124 RAFAEL LIMA DINIZ",
    "cnpj": "39.805.124/0001-80"
  },
  "itens": [
    {
      "descricao": "Conjunto 3 peças para banheiro em vidro",
      "especificacao": "Composto por: 01 porta-sabonete líquido, 01 saboneteira e 01 porta-escova",
      "unidade_medida": "UN",
      "quantidade": "3",
      "valor_unitario": "R$ 201,96",
      "valor_total": "R$ 605,88",
      "catmat_catser": "231376",
      "tipo": "Material",
      "locais_execucao_entrega": "Lago Sul (DF)"
    },
    {
      "descricao": "Bandeja Metal prata com espelho e vidro",
      "especificacao": "Medidas: 30x20x4cm",
      "unidade_medida": "UN",
      "quantidade": "3",
      "valor_unitario": "R$ 145,53",
      "valor_total": "R$ 436,59",
      "catmat_catser": "482850",
      "tipo": "Material",
      "locais_execucao_entrega": "Lago Sul (DF)"
    },
    {
      "descricao": "Toalheiro de pia duplo quadrado em inox",
      "especificacao": null,
      "unidade_medida": "UN",
      "quantidade": "3",
      "valor_unitario": "R$ 246,51",
      "valor_total": "R$ 739,53",
      "catmat_catser": "404212",
      "tipo": "Material",
      "locais_execucao_entrega": "Lago Sul (DF)"
    },
    {
      "descricao": "Difusor de ambientes com varetas – 250ml – Jasmin Branco",
      "especificacao": null,
      "unidade_medida": "UN",
      "quantidade": "3",
      "valor_unitario": "R$ 165,33",
      "valor_total": "R$ 495,99",
      "catmat_catser": "608303",
      "tipo": "Material",
      "locais_execucao_entrega": "Lago Sul (DF)"
    },
    {
      "descricao": "Ducha higiênica com derivação Loren Lo C82 cromado",
      "especificacao": null,
      "unidade_medida": "UN",
      "quantidade": "5",
      "valor_unitario": "R$ 368,50",
      "valor_total": "R$ 1.842,50",
      "catmat_catser": "335014",
      "tipo": "Material",
      "locais_execucao_entrega": "Lago Sul (DF)"
    },
    {
      "descricao": "Chuveiro elétrico Acqua Storm Ultra branco cromado 7800w 220v",
      "especificacao": null,
      "unidade_medida": "UN",
      "quantidade": "4",
      "valor_unitario": "R$ 495,99",
      "valor_total": "R$ 1.983,96",
      "catmat_catser": "250450",
      "tipo": "Material",
      "locais_execucao_entrega": "Lago Sul (DF)"
    }
  ],
  "fonte_preco": "Contrato",
  "referencia_contrato": "15/2024",
  "anexo_contrato": "https://sei.df.gov.br/sei/controlador.php?acao=documento_imprimir_web&acao_origem=arvore_visualizar&id_documento=155550519&infra_sist…",
  "status_extracao": "Sucesso"
}