{
  "numero_contrato": "18/2024",
  "tipo_instrumento": "Contrato Administrativo",
  "processo_administrativo": "21000.051019/2023-99",
  "data_celebracao": null,
  "orgao_contratante": {
    "razao_social": "MINISTÉRIO DA AGRICULTURA E PECUÁRIA",
    "sigla": "MAPA",
    "cnpj": "00.396.895/0011-05"
  },
  "empresa_contratada": {
    "razao_social": "F O DE VASCONCELLOS LTDA",
    "cnpj": "25.358.034/0001-83"
  },
  "itens": [
    {
      "descricao": "FRAGMENTADORA DE PAPEIS DE GRANDE PORTE",
      "especificacao": "CAPACIDADE MÍNIMA: 300 FOLHAS AUTOMÁTICAMENTE E FUNCIONAMENTO CONTÍNUO601723",
      "unidade_medida": "UND",
      "quantidade": "02",
      "valor_unitario": "R$ 7.750,00",
      "valor_total": "R$ 15.500,00",
      "catmat_catser": null,
      "tipo": "Material",
      "locais_execucao_entrega": null
    },
    {
      "descricao": "FRAGMENTADORA DE PAPEL",
      "especificacao": "CAPACIDADE MÍNIMA: 14 FOLHAS; CAPACIDADE DO CESTO 22 LITROS OU SUPERIOR486823",
      "unidade_medida": "UND",
      "quantidade": "10",
      "valor_unitario": "R$ 1.766,59",
      "valor_total": "R$ 17.665,90",
      "catmat_catser": null,
      "tipo": "Material",
      "locais_execucao_entrega": null
    }
  ],
  "fonte_preco": "Contrato",
  "referencia_contrato": "18/2024",
  "anexo_contrato": null,
  "status_extracao": "Sucesso"
}