{
  "filename": "00394684000153-000014-2024.pdf",
  "success": true,
  "processing_time": 7.201279401779175,
  "error": null,
  "steps_completed": [
    "ai_analysis",
    "json_saved",
    "json_parsed"
  ],
  "extracted_json": "{\n  \"numero_contrato\": \"1/2024\",\n  \"tipo_instrumento\": \"Contrato de Aquisição de Bens\",\n  \"processo_administrativo\": \"00014-00001404/2023-75\",\n  \"data_celebracao\": \"25/01/2024\",\n  \"orgao_contratante\": {\n    \"razao_social\": \"Distrito Federal, por intermédio do GABINETE DA VICE-GOVERNADORA DO DISTRITO FEDERAL\",\n    \"sigla\": \"VGDF\",\n    \"cnpj\": \"07.187.000/0001-91\"\n  },\n  \"empresa_contratada\": {\n    \"razao_social\": \"TEODORO DOS SANTOS COMERCIAL LTDA\",\n    \"cnpj\": \"45.997.371/0001-28\"\n  },\n  \"itens\": [\n    {\n      \"descricao\": \"Travesseiro suporte firme\",\n      \"especificacao\": \"com revestimento em percal 180 fios, 100% algodão\",\n      \"unidade_medida\": \"Unidade\",\n      \"quantidade\": \"12\",\n      \"valor_unitario\": \"R$ 40,00\",\n      \"valor_total\": \"R$ 480,00\",\n      \"catmat_catser\": \"607597\",\n      \"tipo\": \"Material\",\n      \"locais_execucao_entrega\": \"Lago Sul (DF)\"\n    },\n    {\n      \"descricao\": \"Capa protetora de travesseiro\",\n      \"especificacao\": \"cor branca, com zipper e malha impermeável, TAMANHO 50 X 70cm, cor branca\",\n      \"unidade_medida\": \"Unidade\",\n      \"quantidade\": \"12\",\n      \"valor_unitario\": \"R$ 14,00\",\n      \"valor_total\": \"R$ 168,00\",\n      \"catmat_catser\": \"452419\",\n      \"tipo\": \"Material\",\n      \"locais_execucao_entrega\": \"Lago Sul (DF)\"\n    },\n    {\n      \"descricao\": \"Capa protetora para colchão queen\",\n      \"especificacao\": \"cor branca, tamanho padrão queen, com malha impermeável, TAMANHO1.60x1.98m, cor branca, em algodão\",\n      \"unidade_medida\": \"Unidade\",\n      \"quantidade\": \"2\",\n      \"valor_unitario\": \"R$ 100,00\",\n      \"valor_total\": \"R$ 200,00\",\n      \"catmat_catser\": \"445547\",\n      \"tipo\": \"Material\",\n      \"locais_execucao_entrega\": \"Lago Sul (DF)\"\n    },\n    {\n      \"descricao\": \"Capa protetora para colchão casal\",\n      \"especificacao\": \"cor branca, tamanho padrão casal, com malha impermeável\",\n      \"unidade_medida\": \"Unidade\",\n      \"quantidade\": \"1\",\n      \"valor_unitario\": \"R$ 83,00\",\n      \"valor_total\": \"R$ 83,00\",\n      \"catmat_catser\": \"445547\",\n      \"tipo\": \"Material\",\n      \"locais_execucao_entrega\": \"Lago Sul (DF)\"\n    },\n    {\n      \"descricao\": \"Jogo de toalhas com 4 peças\",\n      \"especificacao\": \"cor branca, em algodão, Composto por 05 peças, sendo: 02 toalhas de banho, 02 toalhas de rosto e 01 toalha de piso\",\n      \"unidade_medida\": \"Unidade\",\n      \"quantidade\": \"3\",\n      \"valor_unitario\": \"R$ 130,00\",\n      \"valor_total\": \"R$ 390,00\",\n      \"catmat_catser\": \"606421\",\n      \"tipo\": \"Material\",\n      \"locais_execucao_entrega\": \"Lago Sul (DF)\"\n    }\n  ],\n  \"fonte_preco\": \"Contrato\",\n  \"referencia_contrato\": \"1/2024\",\n  \"anexo_contrato\": \"Não informado\",\n  \"status_extracao\": \"Sucesso\"\n}",
  "moved_pdf_path": "PdfLidos\\00394684000153-000014-2024.pdf"
}