{
  "filename": "00394684000153-000029-2023.pdf",
  "success": true,
  "processing_time": 3.8659515380859375,
  "error": null,
  "steps_completed": [
    "ai_analysis",
    "json_saved",
    "json_parsed"
  ],
  "extracted_json": "{\n  \"numero_contrato\": \"31/2023-SEJUS\",\n  \"tipo_instrumento\": \"Contrato\",\n  \"processo_administrativo\": \"00400-00069180/2022-82\",\n  \"data_celebracao\": null,\n  \"orgao_contratante\": {\n    \"razao_social\": \"Secretaria de Estado de Justiça e Cidadania do Distrito Federal\",\n    \"sigla\": \"SEJUS\",\n    \"cnpj\": \"08.685.528/0001-53\"\n  },\n  \"empresa_contratada\": {\n    \"razao_social\": \"MAEL TO JOSE NASCIMENTO SILVA - VENDAS E SERVICOS\",\n    \"cnpj\": \"40.412.401/0001-73\"\n  },\n  \"itens\": [\n    {\n      \"descricao\": \"Muleta - Modelo: canadense, tipo: c/ braçadeira articulada, apoio mão: apoio de mão, matéria prima: em polímero, haste: haste regulável na altura, material haste: em alumínio, pés: c/ ponteira de borracha, tamanho*: tamanho adulto. Unidade: Par. Fabricante / Marca: Indaiá Bengalas\",\n      \"especificacao\": null,\n      \"unidade_medida\": \"PAR\",\n      \"quantidade\": \"8\",\n      \"valor_unitario\": \"R$ 128,00\",\n      \"valor_total\": \"R$ 1.024,00\",\n      \"catmat_catser\": \"447078\",\n      \"tipo\": \"Material\",\n      \"locais_execucao_entrega\": \"Brasília (DF)\"\n    }\n  ],\n  \"fonte_preco\": \"Contrato\",\n  \"referencia_contrato\": \"31/2023-SEJUS\",\n  \"anexo_contrato\": null,\n  \"status_extracao\": \"Sucesso\"\n}",
  "moved_pdf_path": "PdfLidos\\00394684000153-000029-2023.pdf"
}