{
  "filename": "00394684000153-000032-2023.pdf",
  "success": true,
  "processing_time": 5.439680814743042,
  "error": null,
  "steps_completed": [
    "ai_analysis",
    "json_saved",
    "json_parsed"
  ],
  "extracted_json": "{\n  \"numero_contrato\": \"027/2023\",\n  \"tipo_instrumento\": \"Contrato\",\n  \"processo_administrativo\": \"00063-00004677/2023-13\",\n  \"data_celebracao\": \"DD/MM/AAAA\",\n  \"orgao_contratante\": {\n    \"razao_social\": \"FUNDAÇÃO HEMOCENTRO DE BRASÍLIA\",\n    \"sigla\": \"FHB\",\n    \"cnpj\": \"86.743.457/0001-01\"\n  },\n  \"empresa_contratada\": {\n    \"razao_social\": \"GS REFORMA E LIMPEZA DE ESTOFADOS EM GERAL LTDA\",\n    \"cnpj\": \"34.292.339/0001-20\"\n  },\n  \"itens\": [\n    {\n      \"descricao\": \"Recuperação/restauração de poltrona fixa de auditório, estilo longarinas, com assento retrátil: estrutura em madeira maciça, encosto e assento estofado sobre chapa de compensado, articulação do assento e fixação de encostos em chapa estampada de aço pintadas na cor preto fosco. Auditório composto por 112 poltronas em tecido, com estrutura em madeira, fixas no piso acarpetado por meio de parafusos e buchas de fixação, divididas em 14 fileiras, com 8 poltronas unidas entre si por fileira.\",\n      \"especificacao\": \"Recuperação/restauração de poltrona fixa de auditório, estilo longarinas, com assento retrátil: estrutura em madeira maciça, encosto e assento estofado sobre chapa de compensado, articulação do assento e fixação de encostos em chapa estampada de aço pintadas na cor preto fosco. Auditório composto por 112 poltronas em tecido, com estrutura em madeira, fixas no piso acarpetado por meio de parafusos e buchas de fixação, divididas em 14 fileiras, com 8 poltronas unidas entre si por fileira.\",\n      \"unidade_medida\": \"Serviço\",\n      \"quantidade\": \"1\",\n      \"valor_unitario\": \"R$38.400,00\",\n      \"valor_total\": \"R$38.400,00\",\n      \"catmat_catser\": \"5410\",\n      \"tipo\": \"Serviço\",\n      \"locais_execucao_entrega\": \"Brasília (DF)\"\n    }\n  ],\n  \"fonte_preco\": \"Contrato\",\n  \"referencia_contrato\": \"027/2023\",\n  \"anexo_contrato\": \"Caminho ou link do arquivo do contrato\",\n  \"status_extracao\": \"Parcial\"\n}",
  "moved_pdf_path": "PdfLidos\\00394684000153-000032-2023.pdf"
}