{
  "filename": "00396895000125-000149-2023.pdf",
  "success": true,
  "processing_time": 4.155487298965454,
  "error": null,
  "steps_completed": [
    "ai_analysis",
    "json_saved",
    "json_parsed"
  ],
  "extracted_json": "{\n  \"numero_contrato\": \"16/2023\",\n  \"tipo_instrumento\": \"Contrato\",\n  \"processo_administrativo\": \"21181.001208/2022-59\",\n  \"data_celebracao\": \"03/07/2023\",\n  \"orgao_contratante\": {\n    \"razao_social\": \"LABORATÓRIO FEDERAL DE DEFESA AGROPECUÁRIA DO MINISTÉRIO DA AGRICULTURA E PECUÁRIA\",\n    \"sigla\": \"LFDA/MG\",\n    \"cnpj\": \"00.396.895/0062-47\"\n  },\n  \"empresa_contratada\": {\n    \"razao_social\": \"PONTUAL SERVICOS EMPRESARIAL LTDA.\",\n    \"cnpj\": \"22.688.729/0001-35\"\n  },\n  \"itens\": [\n    {\n      \"descricao\": \"Recepcionista (7 postos)\",\n      \"especificacao\": \"Serviços com dedicação exclusiva de mão de obra de Recepcionistas\",\n      \"unidade_medida\": \"Mês\",\n      \"quantidade\": \"12\",\n      \"valor_unitario\": \"R$ 27.992,23\",\n      \"valor_total\": \"R$ 335.906,75\",\n      \"catmat_catser\": \"8729\",\n      \"tipo\": \"Serviço\",\n      \"locais_execucao_entrega\": \"Pedro Leopoldo (MG)\"\n    }\n  ],\n  \"fonte_preco\": \"Contrato\",\n  \"referencia_contrato\": \"16/2023\",\n  \"anexo_contrato\": \"Não informado\",\n  \"status_extracao\": \"Sucesso\"\n}",
  "moved_pdf_path": "PdfLidos\\00396895000125-000149-2023.pdf"
}