{
  "numero_contrato": "10/2024",
  "tipo_instrumento": "Contrato",
  "processo_administrativo": "21000.090740/2023-02",
  "data_celebracao": "15/04/2024",
  "orgao_contratante": {
    "razao_social": "MINISTÉRIO DA AGRICULTURA E PECUÁRIA",
    "sigla": "MAPA",
    "cnpj": "00.396.895/0011-05"
  },
  "empresa_contratada": {
    "razao_social": "INCON AUTOMAÇÃO ELETRÔNICA LTDA",
    "cnpj": "09.109.405/0001-37"
  },
  "itens": [
    {
      "descricao": "Dosímetros digitais para medição de ruído, sem fio e certificado de calibração.",
      "especificacao": "Dosímetros digitais para medição de ruído, sem fio e certificado de calibração.",
      "unidade_medida": "Unidade",
      "quantidade": "6",
      "valor_unitario": "R$ 3.000,00",
      "valor_total": "R$ 18.000,00",
      "catmat_catser": "440208",
      "tipo": "Material",
      "locais_execucao_entrega": "Brasília (DF)"
    },
    {
      "descricao": "Calibrador de dosímetro, certificados de calibração e maleta de transporte.",
      "especificacao": "Calibrador de dosímetro, certificados de calibração e maleta de transporte.",
      "unidade_medida": "Unidade",
      "quantidade": "3",
      "valor_unitario": "R$ 890,00",
      "valor_total": "R$ 2.670,00",
      "catmat_catser": "423348",
      "tipo": "Material",
      "locais_execucao_entrega": "Brasília (DF)"
    },
    {
      "descricao": "Medidor digital de stress térmico, com acessórios, maleta de transporte e certificado de calibração.",
      "especificacao": "Medidor digital de stress térmico, com acessórios, maleta de transporte e certificado de calibração.",
      "unidade_medida": "Unidade",
      "quantidade": "3",
      "valor_unitario": "R$ 4.140,00",
      "valor_total": "R$ 12.420,00",
      "catmat_catser": "482680",
      "tipo": "Material",
      "locais_execucao_entrega": "Brasília (DF)"
    }
  ],
  "fonte_preco": "Contrato",
  "referencia_contrato": "10/2024",
  "anexo_contrato": "https://sei.agro.gov.br/sei/controlador_externo.php?\nacao=documento_conferir&id_orgao_acesso_externo=0",
  "status_extracao": "Sucesso"
}