{
  "filename": "00394684000153-000028-2023.pdf",
  "success": true,
  "processing_time": 9.436835050582886,
  "error": null,
  "steps_completed": [
    "ai_analysis",
    "json_saved",
    "json_parsed"
  ],
  "extracted_json": "{\n  \"numero_contrato\": \"30/2023-SEJUS\",\n  \"tipo_instrumento\": \"Contrato\",\n  \"processo_administrativo\": \"00400-00069180/2022-82\",\n  \"data_celebracao\": null,\n  \"orgao_contratante\": {\n    \"razao_social\": \"Secretaria de Estado de Justiça e Cidadania do Distrito Federal\",\n    \"sigla\": \"SEJUS\",\n    \"cnpj\": \"08.685.528/0001-53\"\n  },\n  \"empresa_contratada\": {\n    \"razao_social\": \"50.381.842 FRANCI ELLY HAD AD BARBOS A RAMOS\",\n    \"cnpj\": \"50.381.842/0001-09\"\n  },\n  \"itens\": [\n    {\n      \"descricao\": \"Autoclave\",\n      \"especificacao\": \"Material: Aço Inox. Tipo: Horizontal, Modelo: Gravitacional, Operação: Automática, digital, característica Adicional: Sistemas de Secagem e segurança, Volume Câmara: 21L, composição: Sensores Temperatura e Pressão, Alarmes, outros componentes: 3 bandejas.\",\n      \"unidade_medida\": \"UND\",\n      \"quantidade\": \"3\",\n      \"valor_unitario\": \"R$ 4.765,00\",\n      \"valor_total\": \"R$ 14.295,00\",\n      \"catmat_catser\": \"435568\",\n      \"tipo\": \"Material\",\n      \"locais_execucao_entrega\": \"Brasília (DF)\"\n    },\n    {\n      \"descricao\": \"Maleta Para Transporte De Medicamento com 3 Bandejas\",\n      \"especificacao\": \"Maleta medicamento, material estojo com 2 bandejas articuladas, dimensões altura 22 cm x largura 24 cm x comprimento 44 cm, componentes 2 mini estojos com 2 compartimentos cada um.\",\n      \"unidade_medida\": \"UND\",\n      \"quantidade\": \"8\",\n      \"valor_unitario\": \"R$ 128,00\",\n      \"valor_total\": \"R$ 1.024,00\",\n      \"catmat_catser\": \"459268\",\n      \"tipo\": \"Material\",\n      \"locais_execucao_entrega\": \"Brasília (DF)\"\n    },\n    {\n      \"descricao\": \"Esfigmomanômetro\",\n      \"especificacao\": \"ajuste analógico, aneróide, tipo* de braço, faixa de operação até 300 mmhg, material braçadeira braçadeira em nylon, tipo fecho fecho em metal, tamanho infantil, adulto e adulto obeso.\",\n      \"unidade_medida\": \"UND\",\n      \"quantidade\": \"6\",\n      \"valor_unitario\": \"R$ 98,00\",\n      \"valor_total\": \"R$ 588,00\",\n      \"catmat_catser\": \"432469\",\n      \"tipo\": \"Material\",\n      \"locais_execucao_entrega\": \"Brasília (DF)\"\n    },\n    {\n      \"descricao\": \"Estetoscópio\",\n      \"especificacao\": \"Estetoscópio haste: haste aço inox , tubo: tubo \\\"y\\\" pvc , auscultador: auscultador duplo aço inox , tipo: biauricular , acessórios: olivas anatômicas silicone.\",\n      \"unidade_medida\": \"UND\",\n      \"quantidade\": \"3\",\n      \"valor_unitario\": \"R$ 83,00\",\n      \"valor_total\": \"R$ 249,00\",\n      \"catmat_catser\": \"438928\",\n      \"tipo\": \"Material\",\n      \"locais_execucao_entrega\": \"Brasília (DF)\"\n    },\n    {\n      \"descricao\": \"Carro P/ Curativo Inox Com Balde E Bacia Em Inox\",\n      \"especificacao\": \"Carro aço inox para curativo, tipo estrutura estrutura tubular e tampos em aço inox, tipo rodízio rodízios giratórios, acessórios gradil,suporte p/balde e bacia, medida 45 x 75 x 80 cm, outros componentes balde aço inox 5l, bacia aço inox.\",\n      \"unidade_medida\": \"UND\",\n      \"quantidade\": \"4\",\n      \"valor_unitario\": \"R$ 820,00\",\n      \"valor_total\": \"R$ 3.280,00\",\n      \"catmat_catser\": \"380906\",\n      \"tipo\": \"Material\",\n      \"locais_execucao_entrega\": \"Brasília (DF)\"\n    },\n    {\n      \"descricao\": \"Braçadeira Haste Cromada\",\n      \"especificacao\": \"Braçadeira para injeção estrutura de tubo de aço, pintura eletrostática à pó. haste em tubo cromado. concha em inox revestida. altura regulável através de manípulo. tratamento anti-ferruginoso. base com tripé e ponteiras plásticas.\",\n      \"unidade_medida\": \"UND\",\n      \"quantidade\": \"6\",\n      \"valor_unitario\": \"R$ 195,00\",\n      \"valor_total\": \"R$ 1.170,00\",\n      \"catmat_catser\": \"10565\",\n      \"tipo\": \"Material\",\n      \"locais_execucao_entrega\": \"Brasília (DF)\"\n    },\n    {\n      \"descricao\": \"Caixa De Medicação Com Divisória\",\n      \"especificacao\": \"Caixa organizadora transparente com 21 divisões de divisórias móveis. material: plástico durável, tamanho aproximado: 33 x 24 x 4,9cm.\",\n      \"unidade_medida\": \"UND\",\n      \"quantidade\": \"7\",\n      \"valor_unitario\": \"R$ 25,00\",\n      \"valor_total\": \"R$ 175,00\",\n      \"catmat_catser\": \"290082\",\n      \"tipo\": \"Material\",\n      \"locais_execucao_entrega\": \"Brasília (DF)\"\n    }\n  ],\n  \"fonte_preco\": \"Contrato\",\n  \"referencia_contrato\": \"30/2023-SEJUS\",\n  \"anexo_contrato\": null,\n  \"status_extracao\": \"Sucesso\"\n}",
  "moved_pdf_path": "PdfLidos\\00394684000153-000028-2023.pdf"
}