{
  "numero_contrato": "02/2024",
  "tipo_instrumento": "Contrato Administrativo",
  "processo_administrativo": "21028.007346/2023-03",
  "data_celebracao": "04/04/2024",
  "orgao_contratante": {
    "razao_social": "Superintendência de Agricultura e Pecuária em Minas Gerais",
    "sigla": "SFA-MG/MAPA",
    "cnpj": "00.396.895/0026-83"
  },
  "empresa_contratada": {
    "razao_social": "CXW SERVICOS E NEGOCIOS DE TECNOLOGIA LTD",
    "cnpj": "07.342.935/0001-03"
  },
  "itens": [
    {
      "descricao": "IMPRESSÃO MONOCROMÁTICO",
      "especificacao": null,
      "unidade_medida": "cópias/mês/equipamento",
      "quantidade": "16564",
      "valor_unitario": "R$ 0,086",
      "valor_total": "R$ 17.094,05",
      "catmat_catser": "26816",
      "tipo": "Serviço",
      "locais_execucao_entrega": "Belo Horizonte (MG)"
    },
    {
      "descricao": "IMPRESSÃO POLICROMÁTICO",
      "especificacao": null,
      "unidade_medida": "cópias/mês/equipamento",
      "quantidade": "1607",
      "valor_unitario": "R$ 0,46",
      "valor_total": "R$ 8.870,64",
      "catmat_catser": "26859",
      "tipo": "Serviço",
      "locais_execucao_entrega": "Belo Horizonte (MG)"
    },
    {
      "descricao": "LOCAÇÃO DE EQUIPAMENTO MONOCROMATICO",
      "especificacao": null,
      "unidade_medida": "Equipamentos",
      "quantidade": "35",
      "valor_unitario": "R$ 164,28",
      "valor_total": "R$ 68.997,60",
      "catmat_catser": "26735",
      "tipo": "Serviço",
      "locais_execucao_entrega": "Belo Horizonte (MG)"
    },
    {
      "descricao": "LOCAÇÃO DE EQUIPAMENTO POLICROMATICO",
      "especificacao": null,
      "unidade_medida": "Equipamentos",
      "quantidade": "12",
      "valor_unitario": "R$ 225",
      "valor_total": "R$ 32.400,00",
      "catmat_catser": "26760",
      "tipo": "Serviço",
      "locais_execucao_entrega": "Belo Horizonte (MG)"
    }
  ],
  "fonte_preco": "Contrato",
  "referencia_contrato": "02/2024",
  "anexo_contrato": "https://sei.agro.gov.br/sei/controlador.php?acao=documento_imprimir_web&acao_origem=arvore_visualizar&id_documento=47209629&infra…",
  "status_extracao": "Sucesso"
}