{
  "numero_contrato": "12/2024",
  "tipo_instrumento": "Contrato",
  "processo_administrativo": "21000.004181/2024-07",
  "data_celebracao": null,
  "orgao_contratante": {
    "razao_social": "MINISTÉRIO DA AGRICULTURA E PECUÁRIA",
    "sigla": "MAPA",
    "cnpj": "00.396.895/0011-05"
  },
  "empresa_contratada": {
    "razao_social": "NATIVA 365 PROMOÇÃO E EVENTOS LTDA",
    "cnpj": "01.328.401/0001-38"
  },
  "itens": [
    {
      "descricao": "Serviço de organização e realização da REUNIÃO DE GRUPO DE TRABALHO NO G20, do Ministério da Agricultura e Pecuária - MAPA (UASG 130005).",
      "especificacao": null,
      "unidade_medida": "Serviço",
      "quantidade": "1",
      "valor_unitario": "R$ 1.349.904,47",
      "valor_total": null,
      "catmat_catser": "4014",
      "tipo": "Serviço",
      "locais_execucao_entrega": null
    },
    {
      "descricao": "Serviço de organização e realização da REUNIÃO MINISTERIAL NO G20, do Ministério da Agricultura e Pecuária - MAPA (UASG 130005).",
      "especificacao": null,
      "unidade_medida": "Serviço",
      "quantidade": "1",
      "valor_unitario": "R$ 2.317.206,25",
      "valor_total": null,
      "catmat_catser": "4014",
      "tipo": "Serviço",
      "locais_execucao_entrega": null
    }
  ],
  "fonte_preco": "Contrato",
  "referencia_contrato": "12/2024",
  "anexo_contrato": "https://sei.agro.gov.br/sei/controlador.php?acao=documento_imprimir_web&acao_origem=arvore_visualizar&id_documento=48013127&infra_sistema=100000100&infra_unidade_atual=110004219&infra_hash=e94…",
  "status_extracao": "Sucesso"
}