{
  "filename": "00396895000125-000113-2023.pdf",
  "success": false,
  "processing_time": 9.54356074333191,
  "error": "'charmap' codec can't encode character '\\ufb02' in position 599: character maps to <undefined>",
  "steps_completed": [
    "ai_analysis"
  ],
  "extracted_json": "{\n  \"numero_contrato\": \"02/2023\",\n  \"tipo_instrumento\": \"Contrato\",\n  \"processo_administrativo\": \"21043.001443/2022-13\",\n  \"data_celebracao\": \"22/12/2017\",\n  \"orgao_contratante\": {\n    \"razao_social\": \"União, por meio do Laboratório Federal de Defesa Agropecuária/RS\",\n    \"sigla\": \"LFDA/RS\",\n    \"cnpj\": \"00.396.895/0045-46\"\n  },\n  \"empresa_contratada\": {\n    \"razao_social\": \"Bruker do Brasil Comércio e Representação de Produtos Científicos Ltda\",\n    \"cnpj\": \"04.755.378/0001-56\"\n  },\n  \"itens\": [\n    {\n      \"descricao\": \"Manutenção preventiva em sistema MALDI-TOF, modelo Autoﬂex Speed, número de série 826442000597, marca Bruker\",\n      \"especificacao\": \"SERVP0013\",\n      \"unidade_medida\": \"Serviço\",\n      \"quantidade\": \"5\",\n      \"valor_unitario\": \"R$ 15.384,00\",\n      \"valor_total\": \"R$ 76.920,00\",\n      \"catmat_catser\": \"16314\",\n      \"tipo\": \"Serviço\",\n      \"locais_execucao_entrega\": \"Porto Alegre (RS)\"\n    },\n    {\n      \"descricao\": \"Qualificação operacional em sistema MALDI-TOF, modelo Autoﬂex Speed, número de série 826442000597, marca Bruker\",\n      \"especificacao\": \"DAL08706\",\n      \"unidade_medida\": \"Serviço\",\n      \"quantidade\": \"5\",\n      \"valor_unitario\": \"R$ 25.000,00\",\n      \"valor_total\": \"R$ 125.000,00\",\n      \"catmat_catser\": \"16314\",\n      \"tipo\": \"Serviço\",\n      \"locais_execucao_entrega\": \"Porto Alegre (RS)\"\n    },\n    {\n      \"descricao\": \"Serviço de manutenção preventiva, corretiva e qualificação operacional (BRONZE) em sistema FT-NIR, modelo MPA, número de série 155000 - 1972, marca Bruker\",\n      \"especificacao\": null,\n      \"unidade_medida\": \"Serviço\",\n      \"quantidade\": \"5\",\n      \"valor_unitario\": \"R$ 29.052,00\",\n      \"valor_total\": \"R$ 145.260,00\",\n      \"catmat_catser\": \"16314\",\n      \"tipo\": \"Serviço\",\n      \"locais_execucao_entrega\": \"Porto Alegre (RS)\"\n    },\n    {\n      \"descricao\": \"Serviço de manutenção preventiva, corretiva e qualificação operacional (BRONZE) em sistema FT-NIR, modelo MPA, número de série 155000 - 1973, marca Bruker\",\n      \"especificacao\": null,\n      \"unidade_medida\": \"Serviço\",\n      \"quantidade\": \"5\",\n      \"valor_unitario\": \"R$ 29.052,00\",\n      \"valor_total\": \"R$ 145.260,00\",\n      \"catmat_catser\": \"16314\",\n      \"tipo\": \"Serviço\",\n      \"locais_execucao_entrega\": \"Porto Alegre (RS)\"\n    },\n    {\n      \"descricao\": \"Horas técnicas destinadas à manutenções corretivas. Será considerado o montante de 50 horas técnicas, sendo este quantitativo apenas estimado, pago sob demanda, e prevendo cenários atípicos de manutenção\",\n      \"especificacao\": null,\n      \"unidade_medida\": \"Horas\",\n      \"quantidade\": \"250\",\n      \"valor_unitario\": \"R$ 530,00\",\n      \"valor_total\": \"R$ 132.500,00\",\n      \"catmat_catser\": \"16314\",\n      \"tipo\": \"Serviço\",\n      \"locais_execucao_entrega\": \"Porto Alegre (RS)\"\n    },\n    {\n      \"descricao\": \"Custos de deslocamento para atendimento de manutenções corretivas. Será considerado o montante de 5 chamados anuais, sendo este quantitativo apenas estimado, pago sob demanda, e prevendo cenários atípicos de manutenção. Cabe ressaltar, que para os itens 3 e 4, pela características dos equipamentos, a proposta comercial já engloba dois atendimentos para manutenções corretivas/ano\",\n      \"especificacao\": null,\n      \"unidade_medida\": \"Deslocamento\",\n      \"quantidade\": \"25\",\n      \"valor_unitario\": \"R$ 6.904,00\",\n      \"valor_total\": \"R$ 172.600,00\",\n      \"catmat_catser\": \"16314\",\n      \"tipo\": \"Serviço\",\n      \"locais_execucao_entrega\": \"Porto Alegre (RS)\"\n    },\n    {\n      \"descricao\": \"Custos de cobertura de peças e consumíveis. Será considerado o montante de R$ 300.000,00, sendo este quantitativo apenas estimado, pago sob demanda, e prevendo cenários atípicos de manutenção\",\n      \"especificacao\": null,\n      \"unidade_medida\": \"Peças\",\n      \"quantidade\": \"5\",\n      \"valor_unitario\": \"R$ 300.000,00\",\n      \"valor_total\": \"R$ 1.500.000,00\",\n      \"catmat_catser\": \"453625\",\n      \"tipo\": \"Material\",\n      \"locais_execucao_entrega\": \"Porto Alegre (RS)\"\n    }\n  ],\n  \"fonte_preco\": \"Contrato\",\n  \"referencia_contrato\": \"02/2023\",\n  \"anexo_contrato\": \"https://sei.agro.gov .br/sei/controlador .php?acao=documento_imprimir_web&acao_origem=arvore_visualizar&id_documento=41484235&infra_sistema=100000100&infra_unidade_atual=1 10003218&infra_hash=79c\",\n  \"status_extracao\": \"Sucesso\"\n}",
  "moved_pdf_path": "PdfLidos\\00396895000125-000113-2023.pdf"
}