{
  "numero_contrato": "006/2024",
  "tipo_instrumento": "Contrato",
  "processo_administrativo": "18303.000938/2024.66",
  "data_celebracao": "21/03/2024",
  "orgao_contratante": {
    "razao_social": "Instituto de Assistência Técnica e Extensão Rural de Roraima - IATER/RR",
    "sigla": "IATER/RR",
    "cnpj": "45.386.905/0001-80"
  },
  "empresa_contratada": {
    "razao_social": "EVATUS DESENVOLVIMENTO ORGANIZACIONAL LTDA",
    "cnpj": "51.288.329/0001-30"
  },
  "itens": [
    {
      "descricao": "Pagamento de taxa de Inscrição em Curso Prático em Operação do Compras.gov conforme a Nova Lei de Licitações - Lei nº 14.133/21",
      "especificacao": "Curso Prático em Operação do Compras.gov conforme a Nova Lei de Licitações - Lei nº 14.133/21",
      "unidade_medida": "Und.",
      "quantidade": "05",
      "valor_unitario": "R$ 2.990,00",
      "valor_total": "R$ 14.950,00",
      "catmat_catser": "25232",
      "tipo": "Serviço",
      "locais_execucao_entrega": "Boa Vista (RR)"
    }
  ],
  "fonte_preco": "Contrato",
  "referencia_contrato": "006/2024",
  "anexo_contrato": "https://sei.rr.gov.br/sei/controlador.php?acao=documento_imprimir_web&acao_origem=arvore_visualizar&id_documento=13423502&infra_siste…",
  "status_extracao": "Sucesso"
}