{
  "numero_contrato": "052769/2024",
  "tipo_instrumento": "Contrato Administrativo",
  "processo_administrativo": "00060-00328090/2023-81",
  "data_celebracao": "Não Identificada",
  "orgao_contratante": {
    "razao_social": "DISTRITO FEDERAL, por intermédio da SECRETARIA DE ESTADO DE SAÚDE",
    "sigla": "SES/DF",
    "cnpj": "00.394.700/0001-08"
  },
  "empresa_contratada": {
    "razao_social": "MEDIMPLANTES – SERVIÇOS E PRODUTOS ESPECIALIZADOS LTDA",
    "cnpj": "14.683.737/0002-41"
  },
  "itens": [
    {
      "descricao": "Contratação de serviços de manutenção preventiva e corretiva com reposição de peças nos VENTILADORES PULMONARES, modelo VG 70, marca Aeonmed, pertencentes ao patrimônio da Secretária de Estado de Saúde do Distrito Federal (SES/DF).",
      "especificacao": "Manutenção preventiva e corretiva com reposição de peças nos ventiladores pulmonares, modelo VG 70, marca Aeonmed",
      "unidade_medida": "UNIDADE",
      "quantidade": "82",
      "valor_unitario": "R$ 1.533,00",
      "valor_total": "R$ 1.508.472,00",
      "catmat_catser": "5428",
      "tipo": "Serviço",
      "locais_execucao_entrega": "Brazlândia (DF), Ceilândia (DF), Samambaia (DF), Taguatinga (DF), Guará (DF), Planaltina (DF), Sobradinho (DF), Paranoá (DF), Asa Sul (DF), Asa Norte (DF)"
    }
  ],
  "fonte_preco": "Contrato",
  "referencia_contrato": "052769/2024",
  "anexo_contrato": "Não Identificado",
  "status_extracao": "Sucesso"
}