{
  "numero_contrato": "08/2023",
  "tipo_instrumento": "Contrato de Prestação de Serviços",
  "processo_administrativo": "00064-00002288/2023-25",
  "data_celebracao": null,
  "orgao_contratante": {
    "razao_social": "FUNDAÇÃO DE ENSINO E PESQUISA EM CIÊNCIAS DA SAÚDE",
    "sigla": "FEPECS",
    "cnpj": "04.287.092/0001-93"
  },
  "empresa_contratada": {
    "razao_social": "INSTITUTO AMERICANO DE DESENVOLVIMENTO",
    "cnpj": "11.432.298/0001-25"
  },
  "itens": [
    {
      "descricao": "Contratação de instituição especializada para a realização de Processos Seletivos",
      "especificacao": "Realização de Processos Seletivos visando o preenchimento de vagas de cursos de pós-graduação lato sensu, na modalidade de Residência Médica e Residência de Áreas Profissionais de Saúde, tendo como instituição executora, a Secretaria de Estado de Saúde do Distrito Federal - SES/DF e como instituição formadora a Escola Superior de Ciências da Saúde (ESCS)",
      "unidade_medida": "Serviço",
      "quantidade": "1",
      "valor_unitario": "R$ 1.015.882,00",
      "valor_total": "R$ 1.015.882,00",
      "catmat_catser": null,
      "tipo": "Serviço",
      "locais_execucao_entrega": "Brasília (DF)"
    }
  ],
  "fonte_preco": "Contrato",
  "referencia_contrato": "08/2023",
  "anexo_contrato": null,
  "status_extracao": "Sucesso"
}