{
  "numero_contrato": "031 - CORDEIRO/2023",
  "tipo_instrumento": "Contrato",
  "processo_administrativo": "21053.000082/2023-41",
  "data_celebracao": null,
  "orgao_contratante": {
    "razao_social": "LABORATÓRIO FEDERAL DE DEFESA AGROPECUÁRIA - LFDA-SP",
    "sigla": "LFDA-SP",
    "cnpj": "00.396.895/0047-08"
  },
  "empresa_contratada": {
    "razao_social": "CORDEIRO - MÁQUINAS E FERRAMENTAS LTDA",
    "cnpj": "71.449.201/0001-19"
  },
  "itens": [
    {
      "descricao": "FORNECIMENTO DE CENTRAL DE GERAÇÃO DE AR COMPRIMIDO COM OS SEGUINTES COMPONENTES:\na)Compressor de ar\npo parafuso , com\nmotor de, no mínimo ,\n3hp, pressão máxima\nde 9,8 barg (150 psi),\nvazão de 8,5 pcm,\nalimentação 220V CA-\nTrifásico. O\nequipamento deverá\nter separador de\ncondensado , dreno\neletrônico com sensor\nde nível, separador\nar/óleo , filtro de ar e\nfiltro de óleo. O painel\nde comando deverá\napresentar botão de\nliga/desliga e de\nemergência,\nhorímetro e parada\nprogramada. A\nrefrigeração deverá\nser ventilador radial\nde baixo ruído em\natendimento às NR\n10,12 e NBR 10152;\nb)Secador de ar,\nincorporado ou\nindividual, por\nrefrigeração, com\nponto de orvalho de\n+3°C e gás ecológico\nR134a;\nc)Reservatório,\nincorporado ou\nindividual, com\ncapacidade para 250\nlitros e válvulas de\nsegurança, alívio ,\ndreno manual e\npressostato em\natendimento à NR13.",
      "especificacao": "a)Compressor de ar\npo parafuso , com\nmotor de, no mínimo ,\n3hp, pressão máxima\nde 9,8 barg (150 psi),\nvazão de 8,5 pcm,\nalimentação 220V CA-\nTrifásico. O\nequipamento deverá\nter separador de\ncondensado , dreno\neletrônico com sensor\nde nível, separador\nar/óleo , filtro de ar e\nfiltro de óleo. O painel\nde comando deverá\napresentar botão de\nliga/desliga e de\nemergência,\nhorímetro e parada\nprogramada. A\nrefrigeração deverá\nser ventilador radial\nde baixo ruído em\natendimento às NR\n10,12 e NBR 10152;\nb)Secador de ar,\nincorporado ou\nindividual, por\nrefrigeração, com\nponto de orvalho de\n+3°C e gás ecológico\nR134a;\nc)Reservatório,\nincorporado ou\nindividual, com\ncapacidade para 250\nlitros e válvulas de\nsegurança, alívio ,\ndreno manual e\npressostato em\natendimento à NR13.",
      "unidade_medida": "Conjunto",
      "quantidade": "01",
      "valor_unitario": "R$ 28.500,00",
      "valor_total": "R$ 28.500,00",
      "catmat_catser": "O601801",
      "tipo": "Material",
      "locais_execucao_entrega": "Campinas (SP)"
    }
  ],
  "fonte_preco": "Contrato",
  "referencia_contrato": "031 - CORDEIRO/2023",
  "anexo_contrato": null,
  "status_extracao": "Sucesso"
}