{
  "numero_contrato": "35/2024",
  "tipo_instrumento": "Contrato",
  "processo_administrativo": "04043-00001124/2024-42",
  "data_celebracao": "22/05/2023",
  "orgao_contratante": {
    "razao_social": "DISTRITO FEDERAL",
    "sigla": "VGDF",
    "cnpj": "07.187.000/0001-91"
  },
  "empresa_contratada": {
    "razao_social": "39.805.124 RAFAEL LIMA DINIZ",
    "cnpj": "39.805.124/0001-80"
  },
  "itens": [
    {
      "descricao": "Airfryer",
      "especificacao": "com no mínimo as seguintes especificações: cesto que comporte no mínimo 5.5 litros; controle de temperatura a partir de 200ºC; potência mínima de 1750W; voltagem 220w.",
      "unidade_medida": "Unidade",
      "quantidade": "02",
      "valor_unitario": "R$ 498,90",
      "valor_total": "R$ 997,80",
      "catmat_catser": "601738",
      "tipo": "Material",
      "locais_execucao_entrega": "LAGO SUL/DF"
    },
    {
      "descricao": "Purificador de água",
      "especificacao": "com no mínimo as seguintes especificações: redução de cloro livre; armazenamento de água gelada de no mínimo 2,0 (dois) litros; capacidade de gelar no mínimo 3 (três) litros por hora; voltagem 220W; potência mínima de 1400W.",
      "unidade_medida": "Unidade",
      "quantidade": "04",
      "valor_unitario": "R$ 1.799,00",
      "valor_total": "R$ 7.196,00",
      "catmat_catser": "405311",
      "tipo": "Material",
      "locais_execucao_entrega": "LAGO SUL/DF"
    }
  ],
  "fonte_preco": "Contrato",
  "referencia_contrato": "35/2024",
  "anexo_contrato": "Não informado",
  "status_extracao": "Sucesso"
}