{
  "numero_contrato": "1/2024",
  "tipo_instrumento": "Contrato Administrativo",
  "processo_administrativo": "21032.001534/2023-51",
  "data_celebracao": "02/02/2024",
  "orgao_contratante": {
    "razao_social": "SUPERINTENDÊNCIA FEDERAL DE AGRICULTURA E PECUÁRIA NO ESTADO DA PARAÍBA",
    "sigla": "SFA-PB",
    "cnpj": "00.396.895/0020-98"
  },
  "empresa_contratada": {
    "razao_social": "SUPREMA EMPREENDIMENTOS LTDA",
    "cnpj": "08.243.787/0001-24"
  },
  "itens": [
    {
      "descricao": "PRESTAÇÃO DE SERVIÇOS DE APOIO ADMINISTRATIVO",
      "especificacao": "Posto de serviços: Assistente Operacional Nível I, de 44 (quarenta e quatro) horas.Posto 02",
      "unidade_medida": "Posto",
      "quantidade": "1",
      "valor_unitario": "R$6.037,08",
      "valor_total": "R$12.074,16",
      "catmat_catser": "5380",
      "tipo": "Serviço",
      "locais_execucao_entrega": "Cabedelo (PB)"
    }
  ],
  "fonte_preco": "Contrato",
  "referencia_contrato": "1/2024",
  "anexo_contrato": "https://sei.agro.gov.br/sei/controlador.php?acao=documento_imprimir_web&acao_origem=arvore_visualizar&id_documento=46389867&infra_si…",
  "status_extracao": "Sucesso"
}