{
  "filename": "00396895000125-000020-2023.pdf",
  "success": true,
  "processing_time": 15.622282266616821,
  "error": null,
  "steps_completed": [
    "ai_analysis",
    "json_saved",
    "json_parsed"
  ],
  "extracted_json": "{\n  \"numero_contrato\": \"01/2023\",\n  \"tipo_instrumento\": \"Contrato\",\n  \"processo_administrativo\": \"21043.001331/2022-54\",\n  \"data_celebracao\": \"12/09/2023\",\n  \"orgao_contratante\": {\n    \"razao_social\": \"MINISTÉRIO DA AGRICULTURA E PECUÁRIA\",\n    \"sigla\": \"MAPA\",\n    \"cnpj\": \"00.396.895/0045-46\"\n  },\n  \"empresa_contratada\": {\n    \"razao_social\": \"LIFE TECHNOLOGIES BRASIL COMÉRCIO E INDÚSTRIA DE PRODUTOS PARA BIOTECNOLOGIA LTDA\",\n    \"cnpj\": \"63.067.904/0002-35\"\n  },\n  \"itens\": [\n    {\n      \"descricao\": \"Manutenção preventiva (AB Maintenance 1PM) em sistema RT-PCR, modelo 7500 Real Time PCR System, número de série 275002110, marca Applied Biosystems\",\n      \"especificacao\": null,\n      \"unidade_medida\": \"Serviço\",\n      \"quantidade\": \"1\",\n      \"valor_unitario\": \"R$ 12.921,13\",\n      \"valor_total\": \"R$ 12.921,13\",\n      \"catmat_catser\": \"16314\",\n      \"tipo\": \"Serviço\",\n      \"locais_execucao_entrega\": \"Porto Alegre (RS)\"\n    },\n    {\n      \"descricao\": \"Qualificação operacional (Add On Qualificação) em sistema RT-PCR, modelo 7500 Real Time PCR System, número de série 275002110, marca Applied Biosystems\",\n      \"especificacao\": null,\n      \"unidade_medida\": \"Serviço\",\n      \"quantidade\": \"1\",\n      \"valor_unitario\": \"R$ 30.121,47\",\n      \"valor_total\": \"R$ 30.121,47\",\n      \"catmat_catser\": \"16314\",\n      \"tipo\": \"Serviço\",\n      \"locais_execucao_entrega\": \"Porto Alegre (RS)\"\n    },\n    {\n      \"descricao\": \"Calibração (Add On Calibração) em sistema RT-PCR, modelo 7500 Real Time PCR System, número de série 275002110, marca Applied Biosystems\",\n      \"especificacao\": null,\n      \"unidade_medida\": \"Serviço\",\n      \"quantidade\": \"1\",\n      \"valor_unitario\": \"R$ 13.209,10\",\n      \"valor_total\": \"R$ 13.209,10\",\n      \"catmat_catser\": \"16314\",\n      \"tipo\": \"Serviço\",\n      \"locais_execucao_entrega\": \"Porto Alegre (RS)\"\n    },\n    {\n      \"descricao\": \"Manutenção preventiva (AB Maintenance 1PM) em sistema RT-PCR, modelo QuantStudio 3, número de série 272322196, marca Applied Biosystems\",\n      \"especificacao\": null,\n      \"unidade_medida\": \"Serviço\",\n      \"quantidade\": \"1\",\n      \"valor_unitario\": \"R$ 13.757,81\",\n      \"valor_total\": \"R$ 13.757,81\",\n      \"catmat_catser\": \"16314\",\n      \"tipo\": \"Serviço\",\n      \"locais_execucao_entrega\": \"Porto Alegre (RS)\"\n    },\n    {\n      \"descricao\": \"Qualificação operacional (Add On Qualificação em sistema RT-PCR, modelo QuantStudio 3, número de série 272322196, marca Applied Biosystems\",\n      \"especificacao\": null,\n      \"unidade_medida\": \"Serviço\",\n      \"quantidade\": \"1\",\n      \"valor_unitario\": \"R$ 39.338,45\",\n      \"valor_total\": \"R$ 39.338,45\",\n      \"catmat_catser\": \"16314\",\n      \"tipo\": \"Serviço\",\n      \"locais_execucao_entrega\": \"Porto Alegre (RS)\"\n    },\n    {\n      \"descricao\": \"Manutenção preventiva (Add On Calibração) em sistema RT-PCR, modelo QuantStudio 3, número de série 272322196, marca Applied Biosystems\",\n      \"especificacao\": null,\n      \"unidade_medida\": \"Serviço\",\n      \"quantidade\": \"1\",\n      \"valor_unitario\": \"R$ 9.344,94\",\n      \"valor_total\": \"R$ 9.344,94\",\n      \"catmat_catser\": \"16314\",\n      \"tipo\": \"Serviço\",\n      \"locais_execucao_entrega\": \"Porto Alegre (RS)\"\n    },\n    {\n      \"descricao\": \"Manutenção preventiva (AB Maintenance 1PM) em sistema RT-PCR, modelo QuantStudio 3, número de série 272322230, marca Applied Biosystems\",\n      \"especificacao\": null,\n      \"unidade_medida\": \"Serviço\",\n      \"quantidade\": \"1\",\n      \"valor_unitario\": \"R$ 13.757,81\",\n      \"valor_total\": \"R$ 13.757,81\",\n      \"catmat_catser\": \"16314\",\n      \"tipo\": \"Serviço\",\n      \"locais_execucao_entrega\": \"Porto Alegre (RS)\"\n    },\n    {\n      \"descricao\": \"Qualificação operacional (Add On Qualificação em sistema RT-PCR, modelo QuantStudio 3, número de série 272322230, marca Applied Biosystems\",\n      \"especificacao\": null,\n      \"unidade_medida\": \"Serviço\",\n      \"quantidade\": \"1\",\n      \"valor_unitario\": \"R$ 39.338,45\",\n      \"valor_total\": \"R$ 39.338,45\",\n      \"catmat_catser\": \"16314\",\n      \"tipo\": \"Serviço\",\n      \"locais_execucao_entrega\": \"Porto Alegre (RS)\"\n    },\n    {\n      \"descricao\": \"Manutenção preventiva (Add On Calibração) em sistema RT-PCR, modelo QuantStudio 3, número de série 272322230, marca Applied Biosystems\",\n      \"especificacao\": null,\n      \"unidade_medida\": \"Serviço\",\n      \"quantidade\": \"1\",\n      \"valor_unitario\": \"R$ 9.344,94\",\n      \"valor_total\": \"R$ 9.344,94\",\n      \"catmat_catser\": \"16314\",\n      \"tipo\": \"Serviço\",\n      \"locais_execucao_entrega\": \"Porto Alegre (RS)\"\n    },\n    {\n      \"descricao\": \"Manutenção preventiva (AB Maintenance 1PM) em espectrofotômetro, modelo NanoDrop Série 2000C, número de série AZY1811540, marca Thermo Fisher Scientific\",\n      \"especificacao\": null,\n      \"unidade_medida\": \"Serviço\",\n      \"quantidade\": \"1\",\n      \"valor_unitario\": \"R$ 10.253,78\",\n      \"valor_total\": \"R$ 10.253,78\",\n      \"catmat_catser\": \"16314\",\n      \"tipo\": \"Serviço\",\n      \"locais_execucao_entrega\": \"Porto Alegre (RS)\"\n    },\n    {\n      \"descricao\": \"Manutenção preventiva (AB Maintenance 1PM) em sistema automatizado de extração de ácidos nucleicos, modelo King Fisher Flex, número de série 711-2345, marca Thermo Fisher Scientific\",\n      \"especificacao\": null,\n      \"unidade_medida\": \"Serviço\",\n      \"quantidade\": \"1\",\n      \"valor_unitario\": \"R$ 12.444,00\",\n      \"valor_total\": \"R$ 12.444,00\",\n      \"catmat_catser\": \"16314\",\n      \"tipo\": \"Serviço\",\n      \"locais_execucao_entrega\": \"Porto Alegre (RS)\"\n    },\n    {\n      \"descricao\": \"Qualificação operacional (AB Maintenance 1PM) em sistema automatizado de extração de ácidos nucleicos, modelo King Fisher Flex, número de série 711-2345, marca Thermo Fisher Scientific\",\n      \"especificacao\": null,\n      \"unidade_medida\": \"Serviço\",\n      \"quantidade\": \"1\",\n      \"valor_unitario\": \"R$ 18.845,71\",\n      \"valor_total\": \"R$ 18.845,71\",\n      \"catmat_catser\": \"16314\",\n      \"tipo\": \"Serviço\",\n      \"locais_execucao_entrega\": \"Porto Alegre (RS)\"\n    },\n    {\n      \"descricao\": \"Horas técnicas destinadas à manutenções corretivas. Será considerado o montante de 50 horas técnicas, sendo este quantitativo apenas estimado, pago sob demanda, e prevendo cenários atípicos de manutenção.\",\n      \"especificacao\": null,\n      \"unidade_medida\": \"Serviço\",\n      \"quantidade\": \"50\",\n      \"valor_unitario\": \"R$ 579,33\",\n      \"valor_total\": \"R$ 28.966,50\",\n      \"catmat_catser\": \"16314\",\n      \"tipo\": \"Serviço\",\n      \"locais_execucao_entrega\": \"Porto Alegre (RS)\"\n    },\n    {\n      \"descricao\": \"Custos de deslocamento para atendimento de manutenções corretivas. Será considerado o montante de 5 chamados anuais, sendo este quantitativo apenas estimado, pago sob demanda, e prevendo cenários atípicos de manutenção.\",\n      \"especificacao\": null,\n      \"unidade_medida\": \"Deslocamento\",\n      \"quantidade\": \"5\",\n      \"valor_unitario\": \"R$ 3.623,22\",\n      \"valor_total\": \"R$ 18.116,10\",\n      \"catmat_catser\": \"16314\",\n      \"tipo\": \"Serviço\",\n      \"locais_execucao_entrega\": \"Porto Alegre (RS)\"\n    },\n    {\n      \"descricao\": \"Custos de cobertura de peças e consumíveis. Será considerado o montante de R$ 200.000,00, sendo este quantitativo apenas estimado, pago sob demanda, e prevendo cenários atípicos de manutenção.\",\n      \"especificacao\": null,\n      \"unidade_medida\": \"Peças\",\n      \"quantidade\": \"1\",\n      \"valor_unitario\": \"R$ 200.000,00\",\n      \"valor_total\": \"R$ 200.000,00\",\n      \"catmat_catser\": \"16898\",\n      \"tipo\": \"Material\",\n      \"locais_execucao_entrega\": \"Porto Alegre (RS)\"\n    }\n  ],\n  \"fonte_preco\": \"Contrato\",\n  \"referencia_contrato\": \"01/2023\",\n  \"anexo_contrato\": \"https://sei.agro.gov .br/sei/controlador .php?acao=documento_imprimir_web&acao_origem=arvore_visualizar&id_documento=39143920&infra_sistema=100000100&infra_unidade_atual=1 10003218&infra_hash=0a9f\",\n  \"status_extracao\": \"Sucesso\"\n}",
  "moved_pdf_path": "PdfLidos\\00396895000125-000020-2023.pdf"
}