{
  "filename": "00394684000153-000129-2024.pdf",
  "success": true,
  "processing_time": 4.802135229110718,
  "error": null,
  "steps_completed": [
    "ai_analysis",
    "json_saved",
    "json_parsed"
  ],
  "extracted_json": "{\n  \"numero_contrato\": \"35/2024\",\n  \"tipo_instrumento\": \"Contrato\",\n  \"processo_administrativo\": \"04043-00001124/2024-42\",\n  \"data_celebracao\": \"22/05/2023\",\n  \"orgao_contratante\": {\n    \"razao_social\": \"DISTRITO FEDERAL\",\n    \"sigla\": \"VGDF\",\n    \"cnpj\": \"07.187.000/0001-91\"\n  },\n  \"empresa_contratada\": {\n    \"razao_social\": \"39.805.124 RAFAEL LIMA DINIZ\",\n    \"cnpj\": \"39.805.124/0001-80\"\n  },\n  \"itens\": [\n    {\n      \"descricao\": \"Airfryer\",\n      \"especificacao\": \"com no mínimo as seguintes especificações: cesto que comporte no mínimo 5.5 litros; controle de temperatura a partir de 200ºC; potência mínima de 1750W; voltagem 220w.\",\n      \"unidade_medida\": \"Unidade\",\n      \"quantidade\": \"02\",\n      \"valor_unitario\": \"R$ 498,90\",\n      \"valor_total\": \"R$ 997,80\",\n      \"catmat_catser\": \"601738\",\n      \"tipo\": \"Material\",\n      \"locais_execucao_entrega\": \"LAGO SUL/DF\"\n    },\n    {\n      \"descricao\": \"Purificador de água\",\n      \"especificacao\": \"com no mínimo as seguintes especificações: redução de cloro livre; armazenamento de água gelada de no mínimo 2,0 (dois) litros; capacidade de gelar no mínimo 3 (três) litros por hora; voltagem 220W; potência mínima de 1400W.\",\n      \"unidade_medida\": \"Unidade\",\n      \"quantidade\": \"04\",\n      \"valor_unitario\": \"R$ 1.799,00\",\n      \"valor_total\": \"R$ 7.196,00\",\n      \"catmat_catser\": \"405311\",\n      \"tipo\": \"Material\",\n      \"locais_execucao_entrega\": \"LAGO SUL/DF\"\n    }\n  ],\n  \"fonte_preco\": \"Contrato\",\n  \"referencia_contrato\": \"35/2024\",\n  \"anexo_contrato\": \"Não informado\",\n  \"status_extracao\": \"Sucesso\"\n}",
  "moved_pdf_path": "PdfLidos\\00394684000153-000129-2024.pdf"
}