{
  "numero_contrato": "01/2024",
  "tipo_instrumento": "Contrato",
  "processo_administrativo": "21012.002346/2023-88",
  "data_celebracao": "11/04/2024",
  "orgao_contratante": {
    "razao_social": "Superintendência Federal de Agricultura na Bahia",
    "sigla": "SFA/BA",
    "cnpj": "00.396.895/0024-11"
  },
  "empresa_contratada": {
    "razao_social": "Sol e Luz Comércio e Servicos Ltda",
    "cnpj": "17.974.034/0001-80"
  },
  "itens": [
    {
      "descricao": "Outsourcing de Impressão – Páginas A3 Policromática – locação de equipamento – 30 PPM",
      "especificacao": null,
      "unidade_medida": "UNIDADE",
      "quantidade": "1",
      "valor_unitario": "R$ 314,00",
      "valor_total": "R$ 3.768,00",
      "catmat_catser": "26808",
      "tipo": "Serviço",
      "locais_execucao_entrega": "Salvador (BA)"
    },
    {
      "descricao": "Outsourcing de Impressão – Páginas A4 – Monocromático - Locação de Equipamento -  31 A 45 PPM",
      "especificacao": null,
      "unidade_medida": "UNIDADE",
      "quantidade": "11",
      "valor_unitario": "R$ 140,00",
      "valor_total": "R$ 18.480,00",
      "catmat_catser": "26743",
      "tipo": "Serviço",
      "locais_execucao_entrega": "Salvador (BA), Barreiras (BA), Vitória da Conquista (BA), Porto Seguro (BA), Teixeira de Freitas (BA), Itabuna (BA), Ilhéus (BA)"
    },
    {
      "descricao": "Outsourcing de Impressão – locação página impressa – policromática – página A3 – sem papel",
      "especificacao": null,
      "unidade_medida": "PÁGINA",
      "quantidade": "200",
      "valor_unitario": "R$ 0,93",
      "valor_total": "R$ 2.232,00",
      "catmat_catser": "26875",
      "tipo": "Serviço",
      "locais_execucao_entrega": "Salvador (BA)"
    },
    {
      "descricao": "Outsourcing de Impressão – locação página impressa – policromática – página A4 – sem papel",
      "especificacao": null,
      "unidade_medida": "PÁGINA",
      "quantidade": "600",
      "valor_unitario": "R$ 0,44",
      "valor_total": "R$ 3.168,00",
      "catmat_catser": "26859",
      "tipo": "Serviço",
      "locais_execucao_entrega": "Salvador (BA)"
    },
    {
      "descricao": "Outsourcing de Impressão – locação página impressa – monocromática – página A4 – sem papel",
      "especificacao": null,
      "unidade_medida": "PÁGINA",
      "quantidade": "6970",
      "valor_unitario": "R$ 0,07",
      "valor_total": "R$ 5.854,80",
      "catmat_catser": "26816",
      "tipo": "Serviço",
      "locais_execucao_entrega": "Salvador (BA)"
    }
  ],
  "fonte_preco": "Contrato",
  "referencia_contrato": "01/2024",
  "anexo_contrato": "https://sei.agro.gov.br/sei/controlador.php?acao=documento_imprimir_web&acao_origem=arvore_visualizar&id_documento=46340984&infra_…",
  "status_extracao": "Sucesso"
}