{
  "numero_contrato": "16/2024",
  "tipo_instrumento": "Contrato Administrativo",
  "processo_administrativo": "21000.007910/2024-79",
  "data_celebracao": "24/05/2024",
  "orgao_contratante": {
    "razao_social": "MINISTÉRIO DA AGRICULTURA E PECUÁRIA",
    "sigla": "MAPA",
    "cnpj": "00.396.895/0011-05"
  },
  "empresa_contratada": {
    "razao_social": "MICROTECNICA INFORMATICA LTDA.",
    "cnpj": "01.590.728/0002-64"
  },
  "itens": [
    {
      "descricao": "Ar Condicionado",
      "especificacao": "12.000 BTUs",
      "unidade_medida": "unidade",
      "quantidade": "79",
      "valor_unitario": "R$ 1.964,56",
      "valor_total": "R$ 155.200,24",
      "catmat_catser": "440744",
      "tipo": "Material",
      "locais_execucao_entrega": "BRASÍLIA (DF)"
    },
    {
      "descricao": "Ar Condicionado",
      "especificacao": "18.000 BTUs",
      "unidade_medida": "unidade",
      "quantidade": "82",
      "valor_unitario": "R$ 2.761,26",
      "valor_total": "R$ 226.423,32",
      "catmat_catser": "440745",
      "tipo": "Material",
      "locais_execucao_entrega": "BRASÍLIA (DF)"
    },
    {
      "descricao": "Ar Condicionado",
      "especificacao": "24.000 BTUs",
      "unidade_medida": "unidade",
      "quantidade": "75",
      "valor_unitario": "R$ 3.672,73",
      "valor_total": "R$ 275.454,75",
      "catmat_catser": "440747",
      "tipo": "Material",
      "locais_execucao_entrega": "BRASÍLIA (DF)"
    }
  ],
  "fonte_preco": "Contrato",
  "referencia_contrato": "16/2024",
  "anexo_contrato": "https://sei.agro.gov.br/sei/controlador.php?acao=documento_imprimir_web&acao_origem=arvore_visualizar&id_documento=48471178&infra_sist…",
  "status_extracao": "Sucesso"
}