{
  "numero_contrato": "32/2023-SEJUS",
  "tipo_instrumento": "Contrato",
  "processo_administrativo": "00400-00069180/2022-82",
  "data_celebracao": null,
  "orgao_contratante": {
    "razao_social": "Secretaria de Estado de Justiça e Cidadania do Distrito Federal",
    "sigla": "SEJUS",
    "cnpj": "08.685.528/0001-53"
  },
  "empresa_contratada": {
    "razao_social": "CONEXAO 5 DISTRIBUIDORA E SERVICOS LTDA",
    "cnpj": "96.317.508/0001-97"
  },
  "itens": [
    {
      "descricao": "Bandeja Para Medicação",
      "especificacao": "Bandeja, material aço inoxidável, tipo lisa, dimensões cerca de 30 x 20 x 4 cm, esterilidade esterilizável. Fabricante / Marca: FORTINO X",
      "unidade_medida": "UND",
      "quantidade": "6",
      "valor_unitario": "R$ 86,95",
      "valor_total": "R$ 521,70",
      "catmat_catser": "440141",
      "tipo": "Material",
      "locais_execucao_entrega": "Brasília (DF)"
    },
    {
      "descricao": "Cuba Redonda",
      "especificacao": "Cuba Uso Hospitalar Material: Aço Inox , Formato: Redondo, Capacidade: Cerca De 300 a 500 ML. Fabricante / Marca: FORTINO X",
      "unidade_medida": "UND",
      "quantidade": "5",
      "valor_unitario": "R$ 21,75",
      "valor_total": "R$ 108,75",
      "catmat_catser": "439209",
      "tipo": "Material",
      "locais_execucao_entrega": "Brasília (DF)"
    },
    {
      "descricao": "Cuba Rim",
      "especificacao": "Cuba uso hospitalar material: aço inox , capacidade: cerca de 700 ml, formato: tipo rim. Fabricante / Marca: FORTINO X",
      "unidade_medida": "UND",
      "quantidade": "4",
      "valor_unitario": "R$ 55,27",
      "valor_total": "R$ 221,08",
      "catmat_catser": "439214",
      "tipo": "Material",
      "locais_execucao_entrega": "Brasília (DF)"
    },
    {
      "descricao": "Coletor De Urina Masculino",
      "especificacao": "Coletor de urina masculino utilizada para coletar urina em pacientes do sexo masculino, pessoas com dificuldade de locomoção ou acamadas, ou em casos de incontinência urinária. fabricada em aço inoxidável, possuir alça, com capacidade de 1,0 litro, dimensões aproximadas 26x13cm. autoclavável. Fabricante / Marca: FORTINO X",
      "unidade_medida": "UND",
      "quantidade": "5",
      "valor_unitario": "R$ 119,00",
      "valor_total": "R$ 595,00",
      "catmat_catser": "385777",
      "tipo": "Material",
      "locais_execucao_entrega": "Brasília (DF)"
    }
  ],
  "fonte_preco": "Contrato",
  "referencia_contrato": "32/2023-SEJUS",
  "anexo_contrato": null,
  "status_extracao": "Sucesso"
}