{
  "numero_contrato": "026/2023",
  "tipo_instrumento": "Contrato",
  "processo_administrativo": "00063-00004628/2023-81",
  "data_celebracao": null,
  "orgao_contratante": {
    "razao_social": "FUNDAÇÃO HEMOCENTRO DE BRASÍLIA",
    "sigla": "FHB",
    "cnpj": "86.743.457/0001-01"
  },
  "empresa_contratada": {
    "razao_social": "BIOMETRIX DIAGNÓSTICA LTDA.",
    "cnpj": "06.145.976/0001-39"
  },
  "itens": [
    {
      "descricao": "KIT COMPLETO PARA TIPAGEM DE ANTÍGENOS LEUCOCITÁRIOS HUMANOS LOCUS DQA1 e DQB1",
      "especificacao": "por sondas oligonucleotídicas específicas para avaliação de histocompatibilidade para transplante por citometria de fluxo",
      "unidade_medida": "Teste",
      "quantidade": "800",
      "valor_unitario": "R$408,80",
      "valor_total": "R$327.040,00",
      "catmat_catser": "484163",
      "tipo": "Material",
      "locais_execucao_entrega": "Brasília (DF)"
    }
  ],
  "fonte_preco": "Contrato",
  "referencia_contrato": "026/2023",
  "anexo_contrato": null,
  "status_extracao": "Sucesso"
}