{
  "filename": "00396895000125-000209-2023.pdf",
  "success": true,
  "processing_time": 6.36931300163269,
  "error": null,
  "steps_completed": [
    "ai_analysis",
    "json_saved",
    "json_parsed"
  ],
  "extracted_json": "{\n  \"numero_contrato\": \"038/2023\",\n  \"tipo_instrumento\": \"Contrato\",\n  \"processo_administrativo\": \"21053.000236/2023-03\",\n  \"data_celebracao\": \"18/07/2023\",\n  \"orgao_contratante\": {\n    \"razao_social\": \"LABORATÓRIO FEDERAL DE DEFESA AGROPECUÁRIA – LFDA-SP\",\n    \"sigla\": \"LFDA-SP\",\n    \"cnpj\": \"00.396.895/0047-08\"\n  },\n  \"empresa_contratada\": {\n    \"razao_social\": \"LOBO V CIENTIFICA , IMPORTACAO, EXPORTACAO, COMERCIO DE EQUIPAMENTOS PARA LABORATORIOS LTDA\",\n    \"cnpj\": \"05.857.218/0001-80\"\n  },\n  \"itens\": [\n    {\n      \"descricao\": \"Manutenção corretiva, serviço técnico\",\n      \"especificacao\": \"Contratação de serviço de manutenção corretiva da lavadora SMEG GW4090, número de série 1032200052, o serviço técnico necessário para colocação da lavadora em pleno funcionamento. A manutenção será feita na própria LOBOV, autorizada pela SMEG no Brasil. valor referente ao serviço técnico\",\n      \"unidade_medida\": \"UNIDADE\",\n      \"quantidade\": \"1\",\n      \"valor_unitario\": \"R$ 2.300,00\",\n      \"valor_total\": \"R$ 2.300,00\",\n      \"catmat_catser\": \"16314\",\n      \"tipo\": \"Serviço\",\n      \"locais_execucao_entrega\": \"São Paulo (SP)\"\n    },\n    {\n      \"descricao\": \"Fornecimento de Peças\",\n      \"especificacao\": \"Lavadora SMEG GW4090, número de série 1032200052, incluindo a substituição do Pressostato de nível P/N 816210419:\\nRelação de peças a serem fornecidas para execução do serviço:\\n* 816210419- Pressostato de nível para mod. GW4060/4090\",\n      \"unidade_medida\": \"UNIDADE\",\n      \"quantidade\": \"1\",\n      \"valor_unitario\": \"R$ 980,88\",\n      \"valor_total\": \"R$ 980,88\",\n      \"catmat_catser\": \"603701\",\n      \"tipo\": \"Material\",\n      \"locais_execucao_entrega\": \"São Paulo (SP)\"\n    },\n    {\n      \"descricao\": \"Fornecimento de Peças\",\n      \"especificacao\": \"Lavadora SMEG GW4090, número de série 1032200052, incluindo a substituição Bomba de circulação P/N 695210956:\\nRelação de peças a serem fornecidas para execução do serviço:\\n* 695210956 - Bomba de circulação para mod. GW4060/4090\",\n      \"unidade_medida\": \"UNIDADE\",\n      \"quantidade\": \"1\",\n      \"valor_unitario\": \"R$3.407,25\",\n      \"valor_total\": \"R$3.407,25\",\n      \"catmat_catser\": \"415030\",\n      \"tipo\": \"Material\",\n      \"locais_execucao_entrega\": \"São Paulo (SP)\"\n    }\n  ],\n  \"fonte_preco\": \"Contrato\",\n  \"referencia_contrato\": \"038/2023\",\n  \"anexo_contrato\": \"https://sei.agro.gov.br/sei/controlador_externo.php?\\nacao=documento_conferir&id_orgao_acesso_externo=0\",\n  \"status_extracao\": \"Sucesso\"\n}",
  "moved_pdf_path": "PdfLidos\\00396895000125-000209-2023.pdf"
}