{
  "numero_contrato": "3/2024",
  "tipo_instrumento": "Contrato Administrativo",
  "processo_administrativo": "21000.054608/2023-29",
  "data_celebracao": null,
  "orgao_contratante": {
    "razao_social": "MINISTÉRIO DA AGRICULTURA E PECUÁRIA",
    "sigla": "MAPA",
    "cnpj": "00.396.895/0011-05"
  },
  "empresa_contratada": {
    "razao_social": "ORA CLE DO BRASIL SISTEMAS LTDA",
    "cnpj": "59.456.277/0003-38"
  },
  "itens": [
    {
      "descricao": "Atualização e suporte a software - Web Logic Suite",
      "especificacao": null,
      "unidade_medida": "Core",
      "quantidade": "26",
      "valor_unitario": "R$ 44.269,97",
      "valor_total": "R$ 1.151.019,22",
      "catmat_catser": "27464",
      "tipo": "Serviço",
      "locais_execucao_entrega": "Brasília (DF)"
    },
    {
      "descricao": "Atualização e suporte a software - DataBase Diagnostic Pack",
      "especificacao": null,
      "unidade_medida": "Core",
      "quantidade": "32",
      "valor_unitario": "R$ 8.065,99",
      "valor_total": "R$ 258.111,68",
      "catmat_catser": "27464",
      "tipo": "Serviço",
      "locais_execucao_entrega": "Brasília (DF)"
    },
    {
      "descricao": "Atualização e suporte a software - DataBase Eenterprise Edition",
      "especificacao": null,
      "unidade_medida": "Core",
      "quantidade": "32",
      "valor_unitario": "R$ 53.405,87",
      "valor_total": "R$ 1.708.987,84",
      "catmat_catser": "27464",
      "tipo": "Serviço",
      "locais_execucao_entrega": "Brasília (DF)"
    },
    {
      "descricao": "Atualização e suporte a software - DataBase Partitioning",
      "especificacao": null,
      "unidade_medida": "Core",
      "quantidade": "32",
      "valor_unitario": "R$ 12.105,00",
      "valor_total": "R$ 387.360,00",
      "catmat_catser": "27464",
      "tipo": "Serviço",
      "locais_execucao_entrega": "Brasília (DF)"
    },
    {
      "descricao": "Atualização e suporte a software - Database RAC (Real Application Cluster)",
      "especificacao": null,
      "unidade_medida": "Core",
      "quantidade": "32",
      "valor_unitario": "R$ 24.736,16",
      "valor_total": "R$ 791.557,12",
      "catmat_catser": "27464",
      "tipo": "Serviço",
      "locais_execucao_entrega": "Brasília (DF)"
    },
    {
      "descricao": "Atualização e suporte a software - DataBase Tunning Pack",
      "especificacao": null,
      "unidade_medida": "Core",
      "quantidade": "32",
      "valor_unitario": "R$ 5.375,29",
      "valor_total": "R$ 172.009,28",
      "catmat_catser": "27464",
      "tipo": "Serviço",
      "locais_execucao_entrega": "Brasília (DF)"
    },
    {
      "descricao": "Atualização e suporte a software - Servidor gerenciador de armazenamento (storage",
      "especificacao": null,
      "unidade_medida": "CPU",
      "quantidade": "56",
      "valor_unitario": "R$ 9.939,64",
      "valor_total": "R$ 556.619,84",
      "catmat_catser": "27464",
      "tipo": "Serviço",
      "locais_execucao_entrega": "Brasília (DF)"
    },
    {
      "descricao": "Atualização e suporte a software - Máquina Exadata X5-2",
      "especificacao": null,
      "unidade_medida": "Equipamento",
      "quantidade": "01",
      "valor_unitario": "R$ 436.220,34",
      "valor_total": "R$ 436.220,34",
      "catmat_catser": "27090",
      "tipo": "Serviço",
      "locais_execucao_entrega": "Brasília (DF)"
    }
  ],
  "fonte_preco": "Contrato",
  "referencia_contrato": "3/2024",
  "anexo_contrato": "https://sei.agro.gov.br/sei/controlador.php?acao=documento_imprimir_web&acao_origem=arvore_visualizar&id_documento=46309651&infra_sistema=100000100&infra_unidade_atual=110004216&infra_hash=985…",
  "status_extracao": "Sucesso"
}