{
  "filename": "00396895000125-000085-2024.pdf",
  "success": true,
  "processing_time": 4.081952095031738,
  "error": null,
  "steps_completed": [
    "ai_analysis",
    "json_saved",
    "json_parsed"
  ],
  "extracted_json": "{\n  \"numero_contrato\": \"5/2024\",\n  \"tipo_instrumento\": \"Termo de Contrato Administrativo\",\n  \"processo_administrativo\": \"02209.001007/2023-32\",\n  \"data_celebracao\": null,\n  \"orgao_contratante\": {\n    \"razao_social\": \"SERVIÇO FLORESTAL BRASILEIRO\",\n    \"sigla\": \"SFB\",\n    \"cnpj\": \"37.115.375/0008-83\"\n  },\n  \"empresa_contratada\": {\n    \"razao_social\": \"TELESUL COMUNICAÇÕES LTDA\",\n    \"cnpj\": \"57.229.601/0001-98\"\n  },\n  \"itens\": [\n    {\n      \"descricao\": \"Sala de Videoconferência\",\n      \"especificacao\": null,\n      \"unidade_medida\": \"Unidade\",\n      \"quantidade\": \"4\",\n      \"valor_unitario\": \"R$ 127.812,54\",\n      \"valor_total\": \"R$ 511.250,16\",\n      \"catmat_catser\": \"18627\",\n      \"tipo\": \"Material\",\n      \"locais_execucao_entrega\": \"Brasília (DF)\"\n    },\n    {\n      \"descricao\": \"Serviço eventual/instalação\",\n      \"especificacao\": null,\n      \"unidade_medida\": \"Serviço\",\n      \"quantidade\": \"1\",\n      \"valor_unitario\": \"R$ 57.971,02\",\n      \"valor_total\": \"R$ 57.971,02\",\n      \"catmat_catser\": \"18627\",\n      \"tipo\": \"Serviço\",\n      \"locais_execucao_entrega\": \"Brasília (DF)\"\n    }\n  ],\n  \"fonte_preco\": \"Contrato\",\n  \"referencia_contrato\": \"5/2024\",\n  \"anexo_contrato\": null,\n  \"status_extracao\": \"Sucesso\"\n}",
  "moved_pdf_path": "PdfLidos\\00396895000125-000085-2024.pdf"
}