{
  "filename": "00396895000125-000200-2023.pdf",
  "success": true,
  "processing_time": 4.415424823760986,
  "error": null,
  "steps_completed": [
    "ai_analysis",
    "json_saved",
    "json_parsed"
  ],
  "extracted_json": "{\n  \"numero_contrato\": \"28/2023\",\n  \"tipo_instrumento\": \"Contrato Administrativo\",\n  \"processo_administrativo\": \"21160.000240/2023-46\",\n  \"data_celebracao\": \"21/06/2024\",\n  \"orgao_contratante\": {\n    \"razao_social\": \"Instituto Nacional de Meteorologia\",\n    \"sigla\": \"INMET/SDI/MAPA\",\n    \"cnpj\": \"00.396.895/0050-03\"\n  },\n  \"empresa_contratada\": {\n    \"razao_social\": \"Storm Express Empreendimentos\",\n    \"cnpj\": \"42.157.148/0001-84\"\n  },\n  \"itens\": [\n    {\n      \"descricao\": \"Água mineral natural, sem gás, em regime comodato, acondicionada em embalagem retornável\",\n      \"especificacao\": \"Garrafão com capacidade de 20 L\",\n      \"unidade_medida\": \"litros\",\n      \"quantidade\": \"480\",\n      \"valor_unitario\": \"R$ 11,88\",\n      \"valor_total\": \"R$ 5.702,40\",\n      \"catmat_catser\": \"445485\",\n      \"tipo\": \"Material\",\n      \"locais_execucao_entrega\": \"Belém (PA)\"\n    }\n  ],\n  \"fonte_preco\": \"Contrato\",\n  \"referencia_contrato\": \"28/2023\",\n  \"anexo_contrato\": \"https://sei.agro.gov.br/sei/controlador.php?acao=documento_imprimir_web&acao_origem=arvore_visualizar&id_documento=42519832&infra_sist…\",\n  \"status_extracao\": \"Sucesso\"\n}",
  "moved_pdf_path": "PdfLidos\\00396895000125-000200-2023.pdf"
}