{
  "filename": "00396895000125-000179-2024.pdf",
  "success": true,
  "processing_time": 22.31564688682556,
  "error": null,
  "steps_completed": [
    "ai_analysis",
    "json_saved",
    "json_parsed"
  ],
  "extracted_json": "{\n  \"numero_contrato\": \"7/2024\",\n  \"tipo_instrumento\": \"Contrato\",\n  \"processo_administrativo\": \"21043.001058/2023-49\",\n  \"data_celebracao\": \"22/12/2017\",\n  \"orgao_contratante\": {\n    \"razao_social\": \"LABORATÓRIO FEDERAL DE DEFESA AGROPECUÁRIA – LFDA/RS\",\n    \"sigla\": \"LFDA/RS\",\n    \"cnpj\": \"00.396.895/0045-46\"\n  },\n  \"empresa_contratada\": {\n    \"razao_social\": \"AGILENT TECHNOLOGIES BRASIL LTDA.\",\n    \"cnpj\": \"03.290.250/0006-06\"\n  },\n  \"itens\": [\n    {\n      \"descricao\": \"Manutenção preventiva em sistema de espectrometria de massa com plasma indutivamente acoplado (ICP-MS), marca Agilent composto pelos módulos: ICP-MS modelo 7900, número de série JP16031267; autoamostrador modelo SPS4 Autosampler, número de série AU15490939; chiller modelo G3292-80200, número de série 1908-02200; respectivos softwares de aquisição e tratamento de dados.\",\n      \"especificacao\": \"ICP-MS modelo 7900, número de série JP16031267; autoamostrador modelo SPS4 Autosampler, número de série AU15490939; chiller modelo G3292-80200, número de série 1908-02200; respectivos softwares de aquisição e tratamento de dados.\",\n      \"unidade_medida\": \"Serviço\",\n      \"quantidade\": \"2\",\n      \"valor_unitario\": \"R$ 31.725,57\",\n      \"valor_total\": \"R$ 63.451,14\",\n      \"catmat_catser\": \"16314\",\n      \"tipo\": \"Serviço\",\n      \"locais_execucao_entrega\": \"Porto Alegre (RS)\"\n    },\n    {\n      \"descricao\": \"Qualificação operacional em sistema de espectrometria de massa com plasma indutivamente acoplado (ICP-MS), marca Agilent composto pelos módulos: ICP-MS modelo 7900, número de série JP16031267; autoamostrador modelo SPS4 Autosampler, número de série AU15490939; chiller modelo G3292-80200, número de série 1908-02200; respectivos softwares de aquisição e tratamento de dados.\",\n      \"especificacao\": \"ICP-MS modelo 7900, número de série JP16031267; autoamostrador modelo SPS4 Autosampler, número de série AU15490939; chiller modelo G3292-80200, número de série 1908-02200; respectivos softwares de aquisição e tratamento de dados.\",\n      \"unidade_medida\": \"Serviço\",\n      \"quantidade\": \"2\",\n      \"valor_unitario\": \"R$ 18.911,26\",\n      \"valor_total\": \"R$ 37.822,52\",\n      \"catmat_catser\": \"16314\",\n      \"tipo\": \"Serviço\",\n      \"locais_execucao_entrega\": \"Porto Alegre (RS)\"\n    },\n    {\n      \"descricao\": \"Manutenção preventiva em sistema de cromatografia líquida (HPLC), marca Agilent composto pelos módulos: Forno de coluna modelo 1260 Thermostated Column Compartment, número de série DEACN42772; autoamostrador modelo 1260 Standard Autosampler, número de série DEAAC25890; degaseificador modelo 1260 Infinity HighPerformance Degasser, número de série JPAAB06777; bomba binária modelo 1260 Binary Pump, número de série DEADT10511; respectivos softwares de aquisição e tratamento de dados.\",\n      \"especificacao\": \"Forno de coluna modelo 1260 Thermostated Column Compartment, número de série DEACN42772; autoamostrador modelo 1260 Standard Autosampler, número de série DEAAC25890; degaseificador modelo 1260 Infinity HighPerformance Degasser, número de série JPAAB06777; bomba binária modelo 1260 Binary Pump, número de série DEADT10511; respectivos softwares de aquisição e tratamento de dados.\",\n      \"unidade_medida\": \"Serviço\",\n      \"quantidade\": \"2\",\n      \"valor_unitario\": \"R$ 13.870,43\",\n      \"valor_total\": \"R$ 27.740,86\",\n      \"catmat_catser\": \"16314\",\n      \"tipo\": \"Serviço\",\n      \"locais_execucao_entrega\": \"Porto Alegre (RS)\"\n    },\n    {\n      \"descricao\": \"Qualificação operacional em sistema de cromatografia líquida (HPLC), marca Agilent composto pelos módulos: Forno de coluna modelo 1260 Thermostated Column Compartment, número de série DEACN42772; autoamostrador modelo 1260 Standard Autosampler, número de série DEAAC25890; degaseificador modelo 1260 Infinity HighPerformance Degasser, número de série JPAAB06777; bomba binária modelo 1260 Binary Pump, número de série DEADT10511; respectivos softwares de aquisição e tratamento de dados.\",\n      \"especificacao\": \"Forno de coluna modelo 1260 Thermostated Column Compartment, número de série DEACN42772; autoamostrador modelo 1260 Standard Autosampler, número de série DEAAC25890; degaseificador modelo 1260 Infinity HighPerformance Degasser, número de série JPAAB06777; bomba binária modelo 1260 Binary Pump, número de série DEADT10511; respectivos softwares de aquisição e tratamento de dados.\",\n      \"unidade_medida\": \"Serviço\",\n      \"quantidade\": \"2\",\n      \"valor_unitario\": \"R$ 15.529,62\",\n      \"valor_total\": \"R$ 31.059,24\",\n      \"catmat_catser\": \"16314\",\n      \"tipo\": \"Serviço\",\n      \"locais_execucao_entrega\": \"Porto Alegre (RS)\"\n    },\n    {\n      \"descricao\": \"Manutenção preventiva em sistema de espectrometria de massa com plasma indutivamente acoplado (ICP-MS), marca Agilent composto pelos módulos: ICP-MS modelo 7700x, número de série JP12081598; sistema integrado de introdução de amostras modelo ISIS, número de série JP12100165; autoamostrador modelo Integrated autosampler, número de série DE80902049; chiller modelo PSC 6106T Chiller, número de série 4N1220054; respectivos softwares de aquisição e tratamento de dados.\",\n      \"especificacao\": \"ICP-MS modelo 7700x, número de série JP12081598; sistema integrado de introdução de amostras modelo ISIS, número de série JP12100165; autoamostrador modelo Integrated autosampler, número de série DE80902049; chiller modelo PSC 6106T Chiller, número de série 4N1220054; respectivos softwares de aquisição e tratamento de dados.\",\n      \"unidade_medida\": \"Serviço\",\n      \"quantidade\": \"2\",\n      \"valor_unitario\": \"R$ 34.260,27\",\n      \"valor_total\": \"R$ 68.520,54\",\n      \"catmat_catser\": \"16314\",\n      \"tipo\": \"Serviço\",\n      \"locais_execucao_entrega\": \"Porto Alegre (RS)\"\n    },\n    {\n      \"descricao\": \"Qualificação operacional em sistema de espectrometria de massa com plasma indutivamente acoplado (ICP-MS), marca Agilent composto pelos módulos: ICP-MS modelo 7700x, número de série JP12081598; sistema integrado de introdução de amostras modelo ISIS, número de série JP12100165; autoamostrador modelo Integrated autosampler, número de série DE80902049; chiller modelo PSC 6106T Chiller, número de série 4N1220054; respectivos softwares de aquisição e tratamento de dados.\",\n      \"especificacao\": \"ICP-MS modelo 7700x, número de série JP12081598; sistema integrado de introdução de amostras modelo ISIS, número de série JP12100165; autoamostrador modelo Integrated autosampler, número de série DE80902049; chiller modelo PSC 6106T Chiller, número de série 4N1220054; respectivos softwares de aquisição e tratamento de dados.\",\n      \"unidade_medida\": \"Serviço\",\n      \"quantidade\": \"2\",\n      \"valor_unitario\": \"R$ 22.077,59\",\n      \"valor_total\": \"R$ 44.155,18\",\n      \"catmat_catser\": \"16314\",\n      \"tipo\": \"Serviço\",\n      \"locais_execucao_entrega\": \"Porto Alegre (RS)\"\n    },\n    {\n      \"descricao\": \"Manutenção preventiva em sistema de cromatografia gasosa acoplado à espectrometria de massas (GC-MS/MS), marca Agilent composto pelos módulos: cromatógrafo gasoso modelo Agilent 7890A Series GC, número de série CN11471115, espectrômetro de massas modelo 7000B EI/CI, número de série US11456705; autoamostrador modelo 7693A, números de série CN11460162; injetor modelo 7693A Autoinjector, números de série CN11430192; respectivos softwares de aquisição e tratamento de dados.\",\n      \"especificacao\": \"cromatógrafo gasoso modelo Agilent 7890A Series GC, número de série CN11471115, espectrômetro de massas modelo 7000B EI/CI, número de série US11456705; autoamostrador modelo 7693A, números de série CN11460162; injetor modelo 7693A Autoinjector, números de série CN11430192; respectivos softwares de aquisição e tratamento de dados.\",\n      \"unidade_medida\": \"Serviço\",\n      \"quantidade\": \"2\",\n      \"valor_unitario\": \"R$ 19.306,16\",\n      \"valor_total\": \"R$ 38.612,32\",\n      \"catmat_catser\": \"16314\",\n      \"tipo\": \"Serviço\",\n      \"locais_execucao_entrega\": \"São José (SC)\"\n    },\n    {\n      \"descricao\": \"Qualificação operacional em sistema de cromatografia gasosa acoplado à espectrometria de massas (GC-MS/MS), marca Agilent composto pelos módulos: cromatógrafo gasoso modelo Agilent 7890A Series GC, número de série CN11471115, espectrômetro de massas modelo 7000B EI/CI, número de série US11456705; autoamostrador modelo 7693A, números de série CN11460162; injetor modelo 7693A Autoinjector, números de série CN11430192; respectivos softwares de aquisição e tratamento de dados.\",\n      \"especificacao\": \"cromatógrafo gasoso modelo Agilent 7890A Series GC, número de série CN11471115, espectrômetro de massas modelo 7000B EI/CI, número de série US11456705; autoamostrador modelo 7693A, números de série CN11460162; injetor modelo 7693A Autoinjector, números de série CN11430192; respectivos softwares de aquisição e tratamento de dados.\",\n      \"unidade_medida\": \"Serviço\",\n      \"quantidade\": \"2\",\n      \"valor_unitario\": \"R$ 41.074,56\",\n      \"valor_total\": \"R$ 82.149,12\",\n      \"catmat_catser\": \"16314\",\n      \"tipo\": \"Serviço\",\n      \"locais_execucao_entrega\": \"São José (SC)\"\n    },\n    {\n      \"descricao\": \"Manutenção preventiva em eletroforese capilar marca Agilent modelo 7100 Capillary Electrophoresis, número de série DE32400878; respectivos softwares de aquisição e tratamento de dados.\",\n      \"especificacao\": \"Agilent modelo 7100 Capillary Electrophoresis, número de série DE32400878; respectivos softwares de aquisição e tratamento de dados.\",\n      \"unidade_medida\": \"Serviço\",\n      \"quantidade\": \"2\",\n      \"valor_unitario\": \"R$ 15.856,15\",\n      \"valor_total\": \"R$ 31.712,30\",\n      \"catmat_catser\": \"16314\",\n      \"tipo\": \"Serviço\",\n      \"locais_execucao_entrega\": \"São José (SC)\"\n    },\n    {\n      \"descricao\": \"Qualificação operacional em eletroforese capilar marca Agilent modelo 7100 Capillary Electrophoresis, número de série DE32400878; respectivos softwares de aquisição e tratamento de dados.\",\n      \"especificacao\": \"Agilent modelo 7100 Capillary Electrophoresis, número de série DE32400878; respectivos softwares de aquisição e tratamento de dados.\",\n      \"unidade_medida\": \"Serviço\",\n      \"quantidade\": \"2\",\n      \"valor_unitario\": \"R$ 15.229,62\",\n      \"valor_total\": \"R$ 30.459,24\",\n      \"catmat_catser\": \"16314\",\n      \"tipo\": \"Serviço\",\n      \"locais_execucao_entrega\": \"São José (SC)\"\n    },\n    {\n      \"descricao\": \"Despesas de viagem para atendimentos por técnico em São José-SC e Porto Alegre-RS.\",\n      \"especificacao\": \"Despesas de viagem\",\n      \"unidade_medida\": \"Serviço\",\n      \"quantidade\": \"14\",\n      \"valor_unitario\": \"R$ 3.661,23\",\n      \"valor_total\": \"R$ 51.257,22\",\n      \"catmat_catser\": \"16314\",\n      \"tipo\": \"Serviço\",\n      \"locais_execucao_entrega\": \"São José (SC), Porto Alegre (RS)\"\n    },\n    {\n      \"descricao\": \"Hora técnica para atendimentos de manutenção corretiva (low-end).\",\n      \"especificacao\": \"Manutenção corretiva (low-end)\",\n      \"unidade_medida\": \"Serviço\",\n      \"quantidade\": \"80\",\n      \"valor_unitario\": \"R$ 731,63\",\n      \"valor_total\": \"R$ 58.530,40\",\n      \"catmat_catser\": \"16314\",\n      \"tipo\": \"Serviço\",\n      \"locais_execucao_entrega\": \"São José (SC), Porto Alegre (RS)\"\n    },\n    {\n      \"descricao\": \"Hora técnica para atendimentos de manutenção corretiva (high-end).\",\n      \"especificacao\": \"Manutenção corretiva (high-end)\",\n      \"unidade_medida\": \"Serviço\",\n      \"quantidade\": \"120\",\n      \"valor_unitario\": \"R$ 860,21\",\n      \"valor_total\": \"R$ 103.225,20\",\n      \"catmat_catser\": \"16314\",\n      \"tipo\": \"Serviço\",\n      \"locais_execucao_entrega\": \"São José (SC), Porto Alegre (RS)\"\n    },\n    {\n      \"descricao\": \"Valor destinado a aplicação de peças e/ou consumíveis.\",\n      \"especificacao\": \"Peças e/ou consumíveis\",\n      \"unidade_medida\": \"Serviço\",\n      \"quantidade\": \"2\",\n      \"valor_unitario\": \"R$ 500.000,00\",\n      \"valor_total\": \"R$ 1.000.000,00\",\n      \"catmat_catser\": \"453625\",\n      \"tipo\": \"Serviço\",\n      \"locais_execucao_entrega\": \"São José (SC), Porto Alegre (RS)\"\n    }\n  ],\n  \"fonte_preco\": \"Contrato\",\n  \"referencia_contrato\": \"7/2024\",\n  \"anexo_contrato\": \"https://sei.agro.gov.br/sei/controlador.php?acao=documento_imprimir_web&acao_origem=arvore_visualizar&id_documento=48891905&infra_sistema=100000100&infra_unidade_atual=110003218&infra_hash=c3f0…\",\n  \"status_extracao\": \"Sucesso\"\n}",
  "moved_pdf_path": "PdfLidos\\00396895000125-000179-2024.pdf"
}