{
  "filename": "00394684000153-000065-2023.pdf",
  "success": true,
  "processing_time": 4.658421516418457,
  "error": null,
  "steps_completed": [
    "ai_analysis",
    "json_saved",
    "json_parsed"
  ],
  "extracted_json": "{\n  \"numero_contrato\": \"031/2023\",\n  \"tipo_instrumento\": \"Contrato\",\n  \"processo_administrativo\": \"00063-00005453/2023-29\",\n  \"data_celebracao\": \"09/11/2023\",\n  \"orgao_contratante\": {\n    \"razao_social\": \"FUNDAÇÃO HEMOCENTRO DE BRASÍLIA\",\n    \"sigla\": \"FHB\",\n    \"cnpj\": \"86.743.457/0001-01\"\n  },\n  \"empresa_contratada\": {\n    \"razao_social\": \"MB ENGENHARIA E NEGÓCIOS LTDA.\",\n    \"cnpj\": \"41.521.003/0001-58\"\n  },\n  \"itens\": [\n    {\n      \"descricao\": \"Contratação de serviço técnico especializado de engenharia e arquitetura para elaboração de projetos executivos de reforma do Piso Elevado (211,52m²)\",\n      \"especificacao\": \"Serviço técnico especializado de elaboração de Estudos Técnicos Preliminares de Arquitetura.\\nServiço técnico especializado de elaboração de Projeto Básico e Projeto Executivo de Arquitetura.\\nServiço técnico especializado de elaboração de Projeto Básico e Projeto Executivo Complementar de Instalações Elétricas e Telefônicas Prediais.\\nServiço técnico especializado de elaboração de Projeto Básico e Projeto Executivo de Instalações de Ventilação, Climatização e Exaustão Predial.\\nServiço técnico especializado de elaboração de Projeto Básico e Projeto Executivo Complementar de Instalações de Segurança contra Incêndio e Pânico.\\nServiço técnico especializado de elaboração de Projeto Básico e Projeto Executivo Complementar de Instalações de Cabeamento Estruturado, Automação e Lógica Predial.\\nServiço Técnico Especializado de elaboração de Projeto Básico de Instalações Provisórias de Obra.\\nServiço Técnico Especializado de elaboração de Cronograma de Obra.\\nServiço Técnico Especializado de elaboração de Orçamento Sintético e Analítico de Obra.\",\n      \"unidade_medida\": \"Serviço\",\n      \"quantidade\": \"1\",\n      \"valor_unitario\": \"R$14.947,50\",\n      \"valor_total\": \"R$14.947,50\",\n      \"catmat_catser\": \"20060\",\n      \"tipo\": \"Serviço\",\n      \"locais_execucao_entrega\": \"Brasília (DF)\"\n    }\n  ],\n  \"fonte_preco\": \"Contrato\",\n  \"referencia_contrato\": \"031/2023\",\n  \"anexo_contrato\": \"Não informado\",\n  \"status_extracao\": \"Sucesso\"\n}",
  "moved_pdf_path": "PdfLidos\\00394684000153-000065-2023.pdf"
}