{
  "numero_contrato": "031/2023",
  "tipo_instrumento": "Contrato",
  "processo_administrativo": "00063-00005453/2023-29",
  "data_celebracao": "09/11/2023",
  "orgao_contratante": {
    "razao_social": "FUNDAÇÃO HEMOCENTRO DE BRASÍLIA",
    "sigla": "FHB",
    "cnpj": "86.743.457/0001-01"
  },
  "empresa_contratada": {
    "razao_social": "MB ENGENHARIA E NEGÓCIOS LTDA.",
    "cnpj": "41.521.003/0001-58"
  },
  "itens": [
    {
      "descricao": "Contratação de serviço técnico especializado de engenharia e arquitetura para elaboração de projetos executivos de reforma do Piso Elevado (211,52m²)",
      "especificacao": "Serviço técnico especializado de elaboração de Estudos Técnicos Preliminares de Arquitetura.\nServiço técnico especializado de elaboração de Projeto Básico e Projeto Executivo de Arquitetura.\nServiço técnico especializado de elaboração de Projeto Básico e Projeto Executivo Complementar de Instalações Elétricas e Telefônicas Prediais.\nServiço técnico especializado de elaboração de Projeto Básico e Projeto Executivo de Instalações de Ventilação, Climatização e Exaustão Predial.\nServiço técnico especializado de elaboração de Projeto Básico e Projeto Executivo Complementar de Instalações de Segurança contra Incêndio e Pânico.\nServiço técnico especializado de elaboração de Projeto Básico e Projeto Executivo Complementar de Instalações de Cabeamento Estruturado, Automação e Lógica Predial.\nServiço Técnico Especializado de elaboração de Projeto Básico de Instalações Provisórias de Obra.\nServiço Técnico Especializado de elaboração de Cronograma de Obra.\nServiço Técnico Especializado de elaboração de Orçamento Sintético e Analítico de Obra.",
      "unidade_medida": "Serviço",
      "quantidade": "1",
      "valor_unitario": "R$14.947,50",
      "valor_total": "R$14.947,50",
      "catmat_catser": "20060",
      "tipo": "Serviço",
      "locais_execucao_entrega": "Brasília (DF)"
    }
  ],
  "fonte_preco": "Contrato",
  "referencia_contrato": "031/2023",
  "anexo_contrato": "Não informado",
  "status_extracao": "Sucesso"
}