{
  "filename": "00394684000153-000027-2023.pdf",
  "success": true,
  "processing_time": 3.801349401473999,
  "error": null,
  "steps_completed": [
    "ai_analysis",
    "json_saved",
    "json_parsed"
  ],
  "extracted_json": "{\n  \"numero_contrato\": \"026/2023\",\n  \"tipo_instrumento\": \"Contrato\",\n  \"processo_administrativo\": \"00063-00004628/2023-81\",\n  \"data_celebracao\": null,\n  \"orgao_contratante\": {\n    \"razao_social\": \"FUNDAÇÃO HEMOCENTRO DE BRASÍLIA\",\n    \"sigla\": \"FHB\",\n    \"cnpj\": \"86.743.457/0001-01\"\n  },\n  \"empresa_contratada\": {\n    \"razao_social\": \"BIOMETRIX DIAGNÓSTICA LTDA.\",\n    \"cnpj\": \"06.145.976/0001-39\"\n  },\n  \"itens\": [\n    {\n      \"descricao\": \"KIT COMPLETO PARA TIPAGEM DE ANTÍGENOS LEUCOCITÁRIOS HUMANOS LOCUS DQA1 e DQB1\",\n      \"especificacao\": \"por sondas oligonucleotídicas específicas para avaliação de histocompatibilidade para transplante por citometria de fluxo\",\n      \"unidade_medida\": \"Teste\",\n      \"quantidade\": \"800\",\n      \"valor_unitario\": \"R$408,80\",\n      \"valor_total\": \"R$327.040,00\",\n      \"catmat_catser\": \"484163\",\n      \"tipo\": \"Material\",\n      \"locais_execucao_entrega\": \"Brasília (DF)\"\n    }\n  ],\n  \"fonte_preco\": \"Contrato\",\n  \"referencia_contrato\": \"026/2023\",\n  \"anexo_contrato\": null,\n  \"status_extracao\": \"Sucesso\"\n}",
  "moved_pdf_path": "PdfLidos\\00394684000153-000027-2023.pdf"
}