{
  "filename": "00394700000108-000029-2024.pdf",
  "success": true,
  "processing_time": 4.30121636390686,
  "error": null,
  "steps_completed": [
    "ai_analysis",
    "json_saved",
    "json_parsed"
  ],
  "extracted_json": "{\n  \"numero_contrato\": \"052748/2024\",\n  \"tipo_instrumento\": \"Contrato Administrativo\",\n  \"processo_administrativo\": \"00060-00288007/2021-62\",\n  \"data_celebracao\": \"04/11/2024\",\n  \"orgao_contratante\": {\n    \"razao_social\": \"DISTRITO FEDERAL, por intermédio da SECRETARIA DE ESTADO DE SAÚDE\",\n    \"sigla\": \"SES/DF\",\n    \"cnpj\": \"00.394.700/0001-08\"\n  },\n  \"empresa_contratada\": {\n    \"razao_social\": \"BHIOS PRODUTOS E SERVICOS PARA APOIO CLINICO LTDA\",\n    \"cnpj\": \"22.666.117/0001-41\"\n  },\n  \"itens\": [\n    {\n      \"descricao\": \"Contratação de empresa especializada em prestação de serviços de Manutenção preventiva e corretiva com reposição de peças de 21 (vinte e um) Perfuradores Ortopédicos, marca TECNOAR\",\n      \"especificacao\": \"Manutenção preventiva e corretiva com reposição de peças de 21 (vinte e um) Perfuradores Ortopédicos, marca TECNOAR\",\n      \"unidade_medida\": \"UNIDADE\",\n      \"quantidade\": \"21\",\n      \"valor_unitario\": \"R$ 826,88\",\n      \"valor_total\": \"R$ 208.373,76\",\n      \"catmat_catser\": \"5428\",\n      \"tipo\": \"Serviço\",\n      \"locais_execucao_entrega\": \"HRS (DF), HRPL (DF), HRC (DF), HRG (DF), HRL (DF), HRT (DF)\"\n    }\n  ],\n  \"fonte_preco\": \"Contrato\",\n  \"referencia_contrato\": \"052748/2024\",\n  \"anexo_contrato\": \"Não especificado\",\n  \"status_extracao\": \"Sucesso\"\n}",
  "moved_pdf_path": "PdfLidos\\00394700000108-000029-2024.pdf"
}