{
  "filename": "00394684000153-000041-2024.pdf",
  "success": true,
  "processing_time": 11.266972780227661,
  "error": null,
  "steps_completed": [
    "ai_analysis",
    "json_saved",
    "json_parsed"
  ],
  "extracted_json": "{\n  \"numero_contrato\": \"16/2024\",\n  \"tipo_instrumento\": \"Contrato\",\n  \"processo_administrativo\": \"04043-00000298/2024-98\",\n  \"data_celebracao\": \"24/04/2024\",\n  \"orgao_contratante\": {\n    \"razao_social\": \"DISTRITO FEDERAL\",\n    \"sigla\": \"VGDF\",\n    \"cnpj\": \"07.187.000/0001-91\"\n  },\n  \"empresa_contratada\": {\n    \"razao_social\": \"39.805.124 RAFAEL LIMA DINIZ\",\n    \"cnpj\": \"39.805.124/0001-80\"\n  },\n  \"itens\": [\n    {\n      \"descricao\": \"Aparelho de Jantar Branco com 42 peças\",\n      \"especificacao\": \"Composto por: 06 pratos rasos; 06 pratos fundos; 06 pratos para sobremesa; 06 xícaras para café e 06 pires; e 06 xícaras para chá e 06 pires\",\n      \"unidade_medida\": \"UN\",\n      \"quantidade\": \"5\",\n      \"valor_unitario\": \"R$ 890,00\",\n      \"valor_total\": \"R$ 4.450,00\",\n      \"catmat_catser\": \"605224\",\n      \"tipo\": \"Material\",\n      \"locais_execucao_entrega\": \"Brasília (DF)\"\n    },\n    {\n      \"descricao\": \"Faqueiro com 30 peças\",\n      \"especificacao\": \"Composto por: 06 colheres de mesa 06 garfos de mesa 06 facas de mesa 06 garfos de bolo 06 colheres de chá.\",\n      \"unidade_medida\": \"UN\",\n      \"quantidade\": \"5\",\n      \"valor_unitario\": \"R$ 337,15\",\n      \"valor_total\": \"R$ 1.685,75\",\n      \"catmat_catser\": \"294447\",\n      \"tipo\": \"Material\",\n      \"locais_execucao_entrega\": \"Brasília (DF)\"\n    },\n    {\n      \"descricao\": \"Jogo facas com 5 peças\",\n      \"especificacao\": \"Composto por: 01 Faca do Chef; 01 Faca de Pão; 01 Faca de Legumes; 01 Faca de filetar; O1 Faca de serra;\",\n      \"unidade_medida\": \"UN\",\n      \"quantidade\": \"2\",\n      \"valor_unitario\": \"R$ 337,00\",\n      \"valor_total\": \"R$ 674,00\",\n      \"catmat_catser\": \"387118\",\n      \"tipo\": \"Material\",\n      \"locais_execucao_entrega\": \"Brasília (DF)\"\n    },\n    {\n      \"descricao\": \"Jogo faca para Churrasco com 5 peças – cabo madeira\",\n      \"especificacao\": \"Composto por: 01 faca de faar 01 faca Butcher 01 faca churrasco 01 faca desossa 01 Cutelo\",\n      \"unidade_medida\": \"UN\",\n      \"quantidade\": \"1\",\n      \"valor_unitario\": \"R$ 399,00\",\n      \"valor_total\": \"R$ 399,00\",\n      \"catmat_catser\": \"387118\",\n      \"tipo\": \"Material\",\n      \"locais_execucao_entrega\": \"Brasília (DF)\"\n    },\n    {\n      \"descricao\": \"Conjunto 6 Bowls para sobremesa porcelana branca\",\n      \"especificacao\": null,\n      \"unidade_medida\": \"UN\",\n      \"quantidade\": \"5\",\n      \"valor_unitario\": \"R$ 125,93\",\n      \"valor_total\": \"R$ 629,65\",\n      \"catmat_catser\": \"482839\",\n      \"tipo\": \"Material\",\n      \"locais_execucao_entrega\": \"Brasília (DF)\"\n    },\n    {\n      \"descricao\": \"Jogo de utensílios cozinha com 5 peças\",\n      \"especificacao\": \"Composto por: 01 Colher para arroz 01 Concha para feijão 01 Garfo trinchante 01 Pegador para massa 01 Pá para bolo\",\n      \"unidade_medida\": \"UN\",\n      \"quantidade\": \"2\",\n      \"valor_unitario\": \"R$ 146,10\",\n      \"valor_total\": \"R$ 292,20\",\n      \"catmat_catser\": \"256304\",\n      \"tipo\": \"Material\",\n      \"locais_execucao_entrega\": \"Brasília (DF)\"\n    },\n    {\n      \"descricao\": \"Rechaud Oval de Porcelana branca 1,5L\",\n      \"especificacao\": null,\n      \"unidade_medida\": \"UN\",\n      \"quantidade\": \"4\",\n      \"valor_unitario\": \"R$ 240,00\",\n      \"valor_total\": \"R$ 960,00\",\n      \"catmat_catser\": \"473232\",\n      \"tipo\": \"Material\",\n      \"locais_execucao_entrega\": \"Brasília (DF)\"\n    },\n    {\n      \"descricao\": \"Rechaud Retangular de porcelana branca 2,8L\",\n      \"especificacao\": null,\n      \"unidade_medida\": \"UN\",\n      \"quantidade\": \"4\",\n      \"valor_unitario\": \"R$ 356,32\",\n      \"valor_total\": \"R$ 1.425,28\",\n      \"catmat_catser\": \"473232\",\n      \"tipo\": \"Material\",\n      \"locais_execucao_entrega\": \"Brasília (DF)\"\n    },\n    {\n      \"descricao\": \"Travessa de Cerâmica Medidas: 36 X 24,5 Cm\",\n      \"especificacao\": null,\n      \"unidade_medida\": \"UN\",\n      \"quantidade\": \"4\",\n      \"valor_unitario\": \"R$ 130,00\",\n      \"valor_total\": \"R$ 520,00\",\n      \"catmat_catser\": \"219098\",\n      \"tipo\": \"Material\",\n      \"locais_execucao_entrega\": \"Brasília (DF)\"\n    },\n    {\n      \"descricao\": \"Saladeira Cerâmica 2,5L\",\n      \"especificacao\": null,\n      \"unidade_medida\": \"UN\",\n      \"quantidade\": \"2\",\n      \"valor_unitario\": \"R$ 149,00\",\n      \"valor_total\": \"R$ 298,00\",\n      \"catmat_catser\": \"259244\",\n      \"tipo\": \"Material\",\n      \"locais_execucao_entrega\": \"Brasília (DF)\"\n    }\n  ],\n  \"fonte_preco\": \"Contrato\",\n  \"referencia_contrato\": \"16/2024\",\n  \"anexo_contrato\": \"https://sei.df.gov.br/sei/controlador.php?acao=documento_imprimir_web&acao_origem=arvore_visualizar&id_documento=155659163&infra_sist…\",\n  \"status_extracao\": \"Sucesso\"\n}",
  "moved_pdf_path": "PdfLidos\\00394684000153-000041-2024.pdf"
}