{
  "numero_contrato": "13/2023",
  "tipo_instrumento": "Contrato",
  "processo_administrativo": "00390-00005111/2023-42",
  "data_celebracao": "Não encontrada",
  "orgao_contratante": {
    "razao_social": "SECRETARIA DE ESTADO DE DESENVOLVIMENTO URBANO E HABITAÇÃO DO DISTRITO FEDERAL",
    "sigla": "SEDUH/DF",
    "cnpj": "02.342.553/0001-58"
  },
  "empresa_contratada": {
    "razao_social": "ALLMIC TECNOLOGIA E SERVICOS LTDA.",
    "cnpj": "09.386.453/0001-72"
  },
  "itens": [
    {
      "descricao": "Certificados Digitais e-CPF A3 Token USB (24 meses)",
      "especificacao": "TOKEN 5110 SAFENET",
      "unidade_medida": "Unidade",
      "quantidade": "200",
      "valor_unitario": "R$ 109,00",
      "valor_total": "R$ 21.800,00",
      "catmat_catser": "Não encontrado",
      "tipo": "Serviço",
      "locais_execucao_entrega": "Brasília (DF)"
    }
  ],
  "fonte_preco": "Contrato",
  "referencia_contrato": "13/2023",
  "anexo_contrato": "https://sei.df.gov.br/sei/controlador.php?acao=documento_imprimir_web&acao_origem=arvore_visualizar&id_documento=138182788&infra_siste…",
  "status_extracao": "Sucesso"
}