{
  "numero_contrato": "038/2023",
  "tipo_instrumento": "Contrato",
  "processo_administrativo": "21053.000236/2023-03",
  "data_celebracao": "18/07/2023",
  "orgao_contratante": {
    "razao_social": "LABORATÓRIO FEDERAL DE DEFESA AGROPECUÁRIA – LFDA-SP",
    "sigla": "LFDA-SP",
    "cnpj": "00.396.895/0047-08"
  },
  "empresa_contratada": {
    "razao_social": "LOBO V CIENTIFICA , IMPORTACAO, EXPORTACAO, COMERCIO DE EQUIPAMENTOS PARA LABORATORIOS LTDA",
    "cnpj": "05.857.218/0001-80"
  },
  "itens": [
    {
      "descricao": "Manutenção corretiva, serviço técnico",
      "especificacao": "Contratação de serviço de manutenção corretiva da lavadora SMEG GW4090, número de série 1032200052, o serviço técnico necessário para colocação da lavadora em pleno funcionamento. A manutenção será feita na própria LOBOV, autorizada pela SMEG no Brasil. valor referente ao serviço técnico",
      "unidade_medida": "UNIDADE",
      "quantidade": "1",
      "valor_unitario": "R$ 2.300,00",
      "valor_total": "R$ 2.300,00",
      "catmat_catser": "16314",
      "tipo": "Serviço",
      "locais_execucao_entrega": "São Paulo (SP)"
    },
    {
      "descricao": "Fornecimento de Peças",
      "especificacao": "Lavadora SMEG GW4090, número de série 1032200052, incluindo a substituição do Pressostato de nível P/N 816210419:\nRelação de peças a serem fornecidas para execução do serviço:\n* 816210419- Pressostato de nível para mod. GW4060/4090",
      "unidade_medida": "UNIDADE",
      "quantidade": "1",
      "valor_unitario": "R$ 980,88",
      "valor_total": "R$ 980,88",
      "catmat_catser": "603701",
      "tipo": "Material",
      "locais_execucao_entrega": "São Paulo (SP)"
    },
    {
      "descricao": "Fornecimento de Peças",
      "especificacao": "Lavadora SMEG GW4090, número de série 1032200052, incluindo a substituição Bomba de circulação P/N 695210956:\nRelação de peças a serem fornecidas para execução do serviço:\n* 695210956 - Bomba de circulação para mod. GW4060/4090",
      "unidade_medida": "UNIDADE",
      "quantidade": "1",
      "valor_unitario": "R$3.407,25",
      "valor_total": "R$3.407,25",
      "catmat_catser": "415030",
      "tipo": "Material",
      "locais_execucao_entrega": "São Paulo (SP)"
    }
  ],
  "fonte_preco": "Contrato",
  "referencia_contrato": "038/2023",
  "anexo_contrato": "https://sei.agro.gov.br/sei/controlador_externo.php?\nacao=documento_conferir&id_orgao_acesso_externo=0",
  "status_extracao": "Sucesso"
}