{
  "numero_contrato": "30/2023-SEJUS",
  "tipo_instrumento": "Contrato",
  "processo_administrativo": "00400-00069180/2022-82",
  "data_celebracao": null,
  "orgao_contratante": {
    "razao_social": "Secretaria de Estado de Justiça e Cidadania do Distrito Federal",
    "sigla": "SEJUS",
    "cnpj": "08.685.528/0001-53"
  },
  "empresa_contratada": {
    "razao_social": "50.381.842 FRANCI ELLY HAD AD BARBOS A RAMOS",
    "cnpj": "50.381.842/0001-09"
  },
  "itens": [
    {
      "descricao": "Autoclave",
      "especificacao": "Material: Aço Inox. Tipo: Horizontal, Modelo: Gravitacional, Operação: Automática, digital, característica Adicional: Sistemas de Secagem e segurança, Volume Câmara: 21L, composição: Sensores Temperatura e Pressão, Alarmes, outros componentes: 3 bandejas.",
      "unidade_medida": "UND",
      "quantidade": "3",
      "valor_unitario": "R$ 4.765,00",
      "valor_total": "R$ 14.295,00",
      "catmat_catser": "435568",
      "tipo": "Material",
      "locais_execucao_entrega": "Brasília (DF)"
    },
    {
      "descricao": "Maleta Para Transporte De Medicamento com 3 Bandejas",
      "especificacao": "Maleta medicamento, material estojo com 2 bandejas articuladas, dimensões altura 22 cm x largura 24 cm x comprimento 44 cm, componentes 2 mini estojos com 2 compartimentos cada um.",
      "unidade_medida": "UND",
      "quantidade": "8",
      "valor_unitario": "R$ 128,00",
      "valor_total": "R$ 1.024,00",
      "catmat_catser": "459268",
      "tipo": "Material",
      "locais_execucao_entrega": "Brasília (DF)"
    },
    {
      "descricao": "Esfigmomanômetro",
      "especificacao": "ajuste analógico, aneróide, tipo* de braço, faixa de operação até 300 mmhg, material braçadeira braçadeira em nylon, tipo fecho fecho em metal, tamanho infantil, adulto e adulto obeso.",
      "unidade_medida": "UND",
      "quantidade": "6",
      "valor_unitario": "R$ 98,00",
      "valor_total": "R$ 588,00",
      "catmat_catser": "432469",
      "tipo": "Material",
      "locais_execucao_entrega": "Brasília (DF)"
    },
    {
      "descricao": "Estetoscópio",
      "especificacao": "Estetoscópio haste: haste aço inox , tubo: tubo \"y\" pvc , auscultador: auscultador duplo aço inox , tipo: biauricular , acessórios: olivas anatômicas silicone.",
      "unidade_medida": "UND",
      "quantidade": "3",
      "valor_unitario": "R$ 83,00",
      "valor_total": "R$ 249,00",
      "catmat_catser": "438928",
      "tipo": "Material",
      "locais_execucao_entrega": "Brasília (DF)"
    },
    {
      "descricao": "Carro P/ Curativo Inox Com Balde E Bacia Em Inox",
      "especificacao": "Carro aço inox para curativo, tipo estrutura estrutura tubular e tampos em aço inox, tipo rodízio rodízios giratórios, acessórios gradil,suporte p/balde e bacia, medida 45 x 75 x 80 cm, outros componentes balde aço inox 5l, bacia aço inox.",
      "unidade_medida": "UND",
      "quantidade": "4",
      "valor_unitario": "R$ 820,00",
      "valor_total": "R$ 3.280,00",
      "catmat_catser": "380906",
      "tipo": "Material",
      "locais_execucao_entrega": "Brasília (DF)"
    },
    {
      "descricao": "Braçadeira Haste Cromada",
      "especificacao": "Braçadeira para injeção estrutura de tubo de aço, pintura eletrostática à pó. haste em tubo cromado. concha em inox revestida. altura regulável através de manípulo. tratamento anti-ferruginoso. base com tripé e ponteiras plásticas.",
      "unidade_medida": "UND",
      "quantidade": "6",
      "valor_unitario": "R$ 195,00",
      "valor_total": "R$ 1.170,00",
      "catmat_catser": "10565",
      "tipo": "Material",
      "locais_execucao_entrega": "Brasília (DF)"
    },
    {
      "descricao": "Caixa De Medicação Com Divisória",
      "especificacao": "Caixa organizadora transparente com 21 divisões de divisórias móveis. material: plástico durável, tamanho aproximado: 33 x 24 x 4,9cm.",
      "unidade_medida": "UND",
      "quantidade": "7",
      "valor_unitario": "R$ 25,00",
      "valor_total": "R$ 175,00",
      "catmat_catser": "290082",
      "tipo": "Material",
      "locais_execucao_entrega": "Brasília (DF)"
    }
  ],
  "fonte_preco": "Contrato",
  "referencia_contrato": "30/2023-SEJUS",
  "anexo_contrato": null,
  "status_extracao": "Sucesso"
}