{
  "filename": "00394684000153-000040-2024.pdf",
  "success": true,
  "processing_time": 7.7270612716674805,
  "error": null,
  "steps_completed": [
    "ai_analysis",
    "json_saved",
    "json_parsed"
  ],
  "extracted_json": "{\n  \"numero_contrato\": \"15/2024\",\n  \"tipo_instrumento\": \"Contrato\",\n  \"processo_administrativo\": \"04043-00000297/2024-43\",\n  \"data_celebracao\": \"23/04/2024\",\n  \"orgao_contratante\": {\n    \"razao_social\": \"DISTRITO FEDERAL\",\n    \"sigla\": \"VGDF\",\n    \"cnpj\": \"07.187.000/0001-91\"\n  },\n  \"empresa_contratada\": {\n    \"razao_social\": \"39.805.124 RAFAEL LIMA DINIZ\",\n    \"cnpj\": \"39.805.124/0001-80\"\n  },\n  \"itens\": [\n    {\n      \"descricao\": \"Conjunto 3 peças para banheiro em vidro\",\n      \"especificacao\": \"Composto por: 01 porta-sabonete líquido, 01 saboneteira e 01 porta-escova\",\n      \"unidade_medida\": \"UN\",\n      \"quantidade\": \"3\",\n      \"valor_unitario\": \"R$ 201,96\",\n      \"valor_total\": \"R$ 605,88\",\n      \"catmat_catser\": \"231376\",\n      \"tipo\": \"Material\",\n      \"locais_execucao_entrega\": \"Lago Sul (DF)\"\n    },\n    {\n      \"descricao\": \"Bandeja Metal prata com espelho e vidro\",\n      \"especificacao\": \"Medidas: 30x20x4cm\",\n      \"unidade_medida\": \"UN\",\n      \"quantidade\": \"3\",\n      \"valor_unitario\": \"R$ 145,53\",\n      \"valor_total\": \"R$ 436,59\",\n      \"catmat_catser\": \"482850\",\n      \"tipo\": \"Material\",\n      \"locais_execucao_entrega\": \"Lago Sul (DF)\"\n    },\n    {\n      \"descricao\": \"Toalheiro de pia duplo quadrado em inox\",\n      \"especificacao\": null,\n      \"unidade_medida\": \"UN\",\n      \"quantidade\": \"3\",\n      \"valor_unitario\": \"R$ 246,51\",\n      \"valor_total\": \"R$ 739,53\",\n      \"catmat_catser\": \"404212\",\n      \"tipo\": \"Material\",\n      \"locais_execucao_entrega\": \"Lago Sul (DF)\"\n    },\n    {\n      \"descricao\": \"Difusor de ambientes com varetas – 250ml – Jasmin Branco\",\n      \"especificacao\": null,\n      \"unidade_medida\": \"UN\",\n      \"quantidade\": \"3\",\n      \"valor_unitario\": \"R$ 165,33\",\n      \"valor_total\": \"R$ 495,99\",\n      \"catmat_catser\": \"608303\",\n      \"tipo\": \"Material\",\n      \"locais_execucao_entrega\": \"Lago Sul (DF)\"\n    },\n    {\n      \"descricao\": \"Ducha higiênica com derivação Loren Lo C82 cromado\",\n      \"especificacao\": null,\n      \"unidade_medida\": \"UN\",\n      \"quantidade\": \"5\",\n      \"valor_unitario\": \"R$ 368,50\",\n      \"valor_total\": \"R$ 1.842,50\",\n      \"catmat_catser\": \"335014\",\n      \"tipo\": \"Material\",\n      \"locais_execucao_entrega\": \"Lago Sul (DF)\"\n    },\n    {\n      \"descricao\": \"Chuveiro elétrico Acqua Storm Ultra branco cromado 7800w 220v\",\n      \"especificacao\": null,\n      \"unidade_medida\": \"UN\",\n      \"quantidade\": \"4\",\n      \"valor_unitario\": \"R$ 495,99\",\n      \"valor_total\": \"R$ 1.983,96\",\n      \"catmat_catser\": \"250450\",\n      \"tipo\": \"Material\",\n      \"locais_execucao_entrega\": \"Lago Sul (DF)\"\n    }\n  ],\n  \"fonte_preco\": \"Contrato\",\n  \"referencia_contrato\": \"15/2024\",\n  \"anexo_contrato\": \"https://sei.df.gov.br/sei/controlador.php?acao=documento_imprimir_web&acao_origem=arvore_visualizar&id_documento=155550519&infra_sist…\",\n  \"status_extracao\": \"Sucesso\"\n}",
  "moved_pdf_path": "PdfLidos\\00394684000153-000040-2024.pdf"
}