{
  "numero_contrato": "9/2024",
  "tipo_instrumento": "Contrato Administrativo",
  "processo_administrativo": "21043.000106/2023-81",
  "data_celebracao": "25/06/2024",
  "orgao_contratante": {
    "razao_social": "LABORATÓRIO DE DEFESA AGROPECUÁRIA - LFDA/RS",
    "sigla": "LFDA/RS",
    "cnpj": "00.396.895/0045-46"
  },
  "empresa_contratada": {
    "razao_social": "MARCOS ANDRE REICHERT & CIA LTDA",
    "cnpj": "06.941.912/0001-44"
  },
  "itens": [
    {
      "descricao": "Serviço Preventivo e Corretivo de Desratização",
      "especificacao": "Unidade Física Ponta Grossa - UFPG - Área Interna 7.000 m². Aplicações Mensais conforme Cronograma.",
      "unidade_medida": "m2",
      "quantidade": "420000",
      "valor_unitario": "R$ 0,12",
      "valor_total": "R$ 50.400,00",
      "catmat_catser": "3417",
      "tipo": "Serviço",
      "locais_execucao_entrega": "Porto Alegre (RS)"
    },
    {
      "descricao": "Serviço Preventivo e Corretivo de Desinsetização",
      "especificacao": "Unidade Física Ponta Grossa - UFPG - Área Interna 7.000 m² e Área Externa 6.000m². Aplicações Trimestrais conforme Cronograma.",
      "unidade_medida": "m2",
      "quantidade": "260000",
      "valor_unitario": "R$ 0,12",
      "valor_total": "R$ 31.200,00",
      "catmat_catser": "3417",
      "tipo": "Serviço",
      "locais_execucao_entrega": "Porto Alegre (RS)"
    },
    {
      "descricao": "Serviço Preventivo e Corretivo de Descupinização",
      "especificacao": "Unidade Física Ponta Grossa - UFPG - Área Interna 7.000 m². Aplicações Semestrais conforme Cronograma.",
      "unidade_medida": "m2",
      "quantidade": "70000",
      "valor_unitario": "R$ 0,12",
      "valor_total": "R$ 8.400,00",
      "catmat_catser": "3417",
      "tipo": "Serviço",
      "locais_execucao_entrega": "Porto Alegre (RS)"
    }
  ],
  "fonte_preco": "Contrato",
  "referencia_contrato": "9/2024",
  "anexo_contrato": "https://sei.agro.gov.br/sei/controlador.php?acao=documento_imprimir_web&acao_origem=arvore_visualizar&id_documento=48970738&infra_sist… 1/6",
  "status_extracao": "Sucesso"
}