{
  "filename": "00394684000153-000031-2023.pdf",
  "success": true,
  "processing_time": 4.73669958114624,
  "error": null,
  "steps_completed": [
    "ai_analysis",
    "json_saved",
    "json_parsed"
  ],
  "extracted_json": "{\n  \"numero_contrato\": \"028/2023\",\n  \"tipo_instrumento\": \"Contrato\",\n  \"processo_administrativo\": \"00063-00004797/2023-11\",\n  \"data_celebracao\": null,\n  \"orgao_contratante\": {\n    \"razao_social\": \"FUNDAÇÃO HEMOCENTRO DE BRASÍLIA\",\n    \"sigla\": \"FHB\",\n    \"cnpj\": \"86.743.457/0001-01\"\n  },\n  \"empresa_contratada\": {\n    \"razao_social\": \"LMX DO BRASIL COMÉRCIO DE UTILIDADES LTDA\",\n    \"cnpj\": \"23.904.788/0001-66\"\n  },\n  \"itens\": [\n    {\n      \"descricao\": \"Fabricação e instalação de uma cobertura fixa para vaga de estacionamento (ônibus)\",\n      \"especificacao\": \"Reta, estrutura em aço carbono, pintura eletrostática na cor branca, revestimento em LONA SINTETICA IMPERMEAVEL. Dimensões: - MODELO RETANGULAR 16m x 5m x 5,5m (altura); - Área total de cobertura = 80m². Especificações da estrutura metálica: - Colunas , tubo de 5”#13 (somente na parte posterior); - Quadro da projeção, tubo 70X30#18; - Travessas, tubo 50X30#18. Especificações das bases: - Aço concretado em base com medidas mínimas de 1m de altura x 0,60 cm x 0,60 cm. Especificações das telas (coberturas): - Lona sintética impermeável de cor a escolha, gramatura 220g , fabricada em polietileno de alta densidade, com aditivos especiais que a torne altamente durável contra raios UV e com grande resistência mecânica.\",\n      \"unidade_medida\": \"Serviço\",\n      \"quantidade\": \"1\",\n      \"valor_unitario\": \"R$21.000,00\",\n      \"valor_total\": \"R$21.000,00\",\n      \"catmat_catser\": \"17809\",\n      \"tipo\": \"Serviço\",\n      \"locais_execucao_entrega\": \"Brasília (DF)\"\n    }\n  ],\n  \"fonte_preco\": \"Contrato\",\n  \"referencia_contrato\": \"028/2023\",\n  \"anexo_contrato\": null,\n  \"status_extracao\": \"Sucesso\"\n}",
  "moved_pdf_path": "PdfLidos\\00394684000153-000031-2023.pdf"
}