{
  "filename": "00396895000125-000171-2024.pdf",
  "success": true,
  "processing_time": 8.466107368469238,
  "error": null,
  "steps_completed": [
    "ai_analysis",
    "json_saved",
    "json_parsed"
  ],
  "extracted_json": "{\n  \"numero_contrato\": \"3/2024\",\n  \"tipo_instrumento\": \"Contrato Administrativo\",\n  \"processo_administrativo\": \"21000.054608/2023-29\",\n  \"data_celebracao\": null,\n  \"orgao_contratante\": {\n    \"razao_social\": \"MINISTÉRIO DA AGRICULTURA E PECUÁRIA\",\n    \"sigla\": \"MAPA\",\n    \"cnpj\": \"00.396.895/0011-05\"\n  },\n  \"empresa_contratada\": {\n    \"razao_social\": \"ORA CLE DO BRASIL SISTEMAS LTDA\",\n    \"cnpj\": \"59.456.277/0003-38\"\n  },\n  \"itens\": [\n    {\n      \"descricao\": \"Atualização e suporte a software - Web Logic Suite\",\n      \"especificacao\": null,\n      \"unidade_medida\": \"Core\",\n      \"quantidade\": \"26\",\n      \"valor_unitario\": \"R$ 44.269,97\",\n      \"valor_total\": \"R$ 1.151.019,22\",\n      \"catmat_catser\": \"27464\",\n      \"tipo\": \"Serviço\",\n      \"locais_execucao_entrega\": \"Brasília (DF)\"\n    },\n    {\n      \"descricao\": \"Atualização e suporte a software - DataBase Diagnostic Pack\",\n      \"especificacao\": null,\n      \"unidade_medida\": \"Core\",\n      \"quantidade\": \"32\",\n      \"valor_unitario\": \"R$ 8.065,99\",\n      \"valor_total\": \"R$ 258.111,68\",\n      \"catmat_catser\": \"27464\",\n      \"tipo\": \"Serviço\",\n      \"locais_execucao_entrega\": \"Brasília (DF)\"\n    },\n    {\n      \"descricao\": \"Atualização e suporte a software - DataBase Eenterprise Edition\",\n      \"especificacao\": null,\n      \"unidade_medida\": \"Core\",\n      \"quantidade\": \"32\",\n      \"valor_unitario\": \"R$ 53.405,87\",\n      \"valor_total\": \"R$ 1.708.987,84\",\n      \"catmat_catser\": \"27464\",\n      \"tipo\": \"Serviço\",\n      \"locais_execucao_entrega\": \"Brasília (DF)\"\n    },\n    {\n      \"descricao\": \"Atualização e suporte a software - DataBase Partitioning\",\n      \"especificacao\": null,\n      \"unidade_medida\": \"Core\",\n      \"quantidade\": \"32\",\n      \"valor_unitario\": \"R$ 12.105,00\",\n      \"valor_total\": \"R$ 387.360,00\",\n      \"catmat_catser\": \"27464\",\n      \"tipo\": \"Serviço\",\n      \"locais_execucao_entrega\": \"Brasília (DF)\"\n    },\n    {\n      \"descricao\": \"Atualização e suporte a software - Database RAC (Real Application Cluster)\",\n      \"especificacao\": null,\n      \"unidade_medida\": \"Core\",\n      \"quantidade\": \"32\",\n      \"valor_unitario\": \"R$ 24.736,16\",\n      \"valor_total\": \"R$ 791.557,12\",\n      \"catmat_catser\": \"27464\",\n      \"tipo\": \"Serviço\",\n      \"locais_execucao_entrega\": \"Brasília (DF)\"\n    },\n    {\n      \"descricao\": \"Atualização e suporte a software - DataBase Tunning Pack\",\n      \"especificacao\": null,\n      \"unidade_medida\": \"Core\",\n      \"quantidade\": \"32\",\n      \"valor_unitario\": \"R$ 5.375,29\",\n      \"valor_total\": \"R$ 172.009,28\",\n      \"catmat_catser\": \"27464\",\n      \"tipo\": \"Serviço\",\n      \"locais_execucao_entrega\": \"Brasília (DF)\"\n    },\n    {\n      \"descricao\": \"Atualização e suporte a software - Servidor gerenciador de armazenamento (storage\",\n      \"especificacao\": null,\n      \"unidade_medida\": \"CPU\",\n      \"quantidade\": \"56\",\n      \"valor_unitario\": \"R$ 9.939,64\",\n      \"valor_total\": \"R$ 556.619,84\",\n      \"catmat_catser\": \"27464\",\n      \"tipo\": \"Serviço\",\n      \"locais_execucao_entrega\": \"Brasília (DF)\"\n    },\n    {\n      \"descricao\": \"Atualização e suporte a software - Máquina Exadata X5-2\",\n      \"especificacao\": null,\n      \"unidade_medida\": \"Equipamento\",\n      \"quantidade\": \"01\",\n      \"valor_unitario\": \"R$ 436.220,34\",\n      \"valor_total\": \"R$ 436.220,34\",\n      \"catmat_catser\": \"27090\",\n      \"tipo\": \"Serviço\",\n      \"locais_execucao_entrega\": \"Brasília (DF)\"\n    }\n  ],\n  \"fonte_preco\": \"Contrato\",\n  \"referencia_contrato\": \"3/2024\",\n  \"anexo_contrato\": \"https://sei.agro.gov.br/sei/controlador.php?acao=documento_imprimir_web&acao_origem=arvore_visualizar&id_documento=46309651&infra_sistema=100000100&infra_unidade_atual=110004216&infra_hash=985…\",\n  \"status_extracao\": \"Sucesso\"\n}",
  "moved_pdf_path": "PdfLidos\\00396895000125-000171-2024.pdf"
}