{
  "filename": "00396895000125-000179-2023.pdf",
  "success": true,
  "processing_time": 3.3532567024230957,
  "error": null,
  "steps_completed": [
    "ai_analysis",
    "json_saved",
    "json_parsed"
  ],
  "extracted_json": "{\n  \"numero_contrato\": \"26/2023\",\n  \"tipo_instrumento\": \"Contrato\",\n  \"processo_administrativo\": \"21166.000273/2022-55\",\n  \"data_celebracao\": null,\n  \"orgao_contratante\": {\n    \"razao_social\": \"INSTITUTO NACIONAL DE METEOROLOGIA\",\n    \"sigla\": \"INMET\",\n    \"cnpj\": \"00.396.895/0010-16\"\n  },\n  \"empresa_contratada\": {\n    \"razao_social\": \"MB APOIO E SERVICOS LTDA\",\n    \"cnpj\": \"41.106.296/0001-07\"\n  },\n  \"itens\": [\n    {\n      \"descricao\": \"Monitoramento Eletrônico com Fornecimento de Equipamentos em Comodato para a Estação Meteorológica de Petrolina - PE\",\n      \"especificacao\": null,\n      \"unidade_medida\": \"Meses\",\n      \"quantidade\": \"12\",\n      \"valor_unitario\": \"R$ 635,00\",\n      \"valor_total\": \"R$ 7.620,00\",\n      \"catmat_catser\": \"14826\",\n      \"tipo\": \"Serviço\",\n      \"locais_execucao_entrega\": \"Petrolina (PE)\"\n    }\n  ],\n  \"fonte_preco\": \"Contrato\",\n  \"referencia_contrato\": \"26/2023\",\n  \"anexo_contrato\": \"https://sei.agro.gov.br/sei/controlador.php?acao=documento_imprimir_web&acao_origem=arvore_visualizar&id_documento=42276227&infra_si…\",\n  \"status_extracao\": \"Sucesso\"\n}",
  "moved_pdf_path": "PdfLidos\\00396895000125-000179-2023.pdf"
}