{
  "filename": "00394700000108-000023-2024.pdf",
  "success": true,
  "processing_time": 4.751344442367554,
  "error": null,
  "steps_completed": [
    "ai_analysis",
    "json_saved",
    "json_parsed"
  ],
  "extracted_json": "{\n  \"numero_contrato\": \"052769/2024\",\n  \"tipo_instrumento\": \"Contrato Administrativo\",\n  \"processo_administrativo\": \"00060-00328090/2023-81\",\n  \"data_celebracao\": \"Não Identificada\",\n  \"orgao_contratante\": {\n    \"razao_social\": \"DISTRITO FEDERAL, por intermédio da SECRETARIA DE ESTADO DE SAÚDE\",\n    \"sigla\": \"SES/DF\",\n    \"cnpj\": \"00.394.700/0001-08\"\n  },\n  \"empresa_contratada\": {\n    \"razao_social\": \"MEDIMPLANTES – SERVIÇOS E PRODUTOS ESPECIALIZADOS LTDA\",\n    \"cnpj\": \"14.683.737/0002-41\"\n  },\n  \"itens\": [\n    {\n      \"descricao\": \"Contratação de serviços de manutenção preventiva e corretiva com reposição de peças nos VENTILADORES PULMONARES, modelo VG 70, marca Aeonmed, pertencentes ao patrimônio da Secretária de Estado de Saúde do Distrito Federal (SES/DF).\",\n      \"especificacao\": \"Manutenção preventiva e corretiva com reposição de peças nos ventiladores pulmonares, modelo VG 70, marca Aeonmed\",\n      \"unidade_medida\": \"UNIDADE\",\n      \"quantidade\": \"82\",\n      \"valor_unitario\": \"R$ 1.533,00\",\n      \"valor_total\": \"R$ 1.508.472,00\",\n      \"catmat_catser\": \"5428\",\n      \"tipo\": \"Serviço\",\n      \"locais_execucao_entrega\": \"Brazlândia (DF), Ceilândia (DF), Samambaia (DF), Taguatinga (DF), Guará (DF), Planaltina (DF), Sobradinho (DF), Paranoá (DF), Asa Sul (DF), Asa Norte (DF)\"\n    }\n  ],\n  \"fonte_preco\": \"Contrato\",\n  \"referencia_contrato\": \"052769/2024\",\n  \"anexo_contrato\": \"Não Identificado\",\n  \"status_extracao\": \"Sucesso\"\n}",
  "moved_pdf_path": "PdfLidos\\00394700000108-000023-2024.pdf"
}