{
  "numero_contrato": "17/2024",
  "tipo_instrumento": "Contrato",
  "processo_administrativo": "04043-00000298/2024-98",
  "data_celebracao": "24/04/2024",
  "orgao_contratante": {
    "razao_social": "DISTRITO FEDERAL",
    "sigla": "VGDF",
    "cnpj": "07.187.000/0001-91"
  },
  "empresa_contratada": {
    "razao_social": "JLIRIC COMERCIO DE ARTIGOS DE DECORAÇÃO DE MESA LTDA",
    "cnpj": "25.244.227/0001-03"
  },
  "itens": [
    {
      "descricao": "Sousplat de plástico com 2 cm de altura, 0.34 kg e diâmetro de 33 cm, cor verde qualidade semelhante a home style ou superior",
      "especificacao": "Sousplat de plástico com 2 cm de altura, 0.34 kg e diâmetro de 33 cm, cor verde qualidade semelhante a home style ou superior",
      "unidade_medida": "UN",
      "quantidade": "15",
      "valor_unitario": "R$ 20,99",
      "valor_total": "R$ 314,85",
      "catmat_catser": "466017",
      "tipo": "Material",
      "locais_execucao_entrega": "Brasília (DF)"
    },
    {
      "descricao": "Sousplat de plástico com 2 cm de altura, 0.34 kg e diâmetro de 33 cm, cor azul qualidade semelhante a home style ou superior",
      "especificacao": "Sousplat de plástico com 2 cm de altura, 0.34 kg e diâmetro de 33 cm, cor azul qualidade semelhante a home style ou superior",
      "unidade_medida": "UN",
      "quantidade": "15",
      "valor_unitario": "R$ 20,99",
      "valor_total": "R$ 341,85",
      "catmat_catser": "466017",
      "tipo": "Material",
      "locais_execucao_entrega": "Brasília (DF)"
    },
    {
      "descricao": "Jogo americano Poliéster e Linho Branco 45x30cm; Qualidade semelhante a linha Levis Lyor ou superior",
      "especificacao": "Jogo americano Poliéster e Linho Branco 45x30cm; Qualidade semelhante a linha Levis Lyor ou superior",
      "unidade_medida": "UN",
      "quantidade": "30",
      "valor_unitario": "R$ 26,63",
      "valor_total": "R$ 798,90",
      "catmat_catser": "247451",
      "tipo": "Material",
      "locais_execucao_entrega": "Brasília (DF)"
    },
    {
      "descricao": "Guardanapos de tecido 100% algodão, cor branca 11x22 cm;",
      "especificacao": "Guardanapos de tecido 100% algodão, cor branca 11x22 cm;",
      "unidade_medida": "UN",
      "quantidade": "30",
      "valor_unitario": "R$ 8,99",
      "valor_total": "R$ 269,70",
      "catmat_catser": "450174",
      "tipo": "Material",
      "locais_execucao_entrega": "Brasília (DF)"
    },
    {
      "descricao": "Toalha de mesa no formato retangular, para mesas de 06 lugares com as dimensões 1,60 M X 2,20 M; Tecido 67% poliéster 33% algodão cor branca, qualidade semelhante a linha Cosmpolita Karsten ou superior",
      "especificacao": "Toalha de mesa no formato retangular, para mesas de 06 lugares com as dimensões 1,60 M X 2,20 M; Tecido 67% poliéster 33% algodão cor branca, qualidade semelhante a linha Cosmpolita Karsten ou superior",
      "unidade_medida": "UN",
      "quantidade": "8",
      "valor_unitario": "R$ 149,99",
      "valor_total": "R$ 1.199,92",
      "catmat_catser": "264939",
      "tipo": "Material",
      "locais_execucao_entrega": "Brasília (DF)"
    }
  ],
  "fonte_preco": "Contrato",
  "referencia_contrato": "17/2024",
  "anexo_contrato": "https://sei.df.gov.br/sei/controlador.php?acao=documento_imprimir_web&acao_origem=arvore_visualizar&id_documento=155666028&infra_sist…",
  "status_extracao": "Sucesso"
}