{
  "numero_contrato": "01/2024",
  "tipo_instrumento": "Contrato",
  "processo_administrativo": "21043.000537/2023-48",
  "data_celebracao": null,
  "orgao_contratante": {
    "razao_social": "LABORATÓRIO FEDERAL DE DEFESA AGROPECUÁRIA – LFDA/RS",
    "sigla": "LFDA/RS",
    "cnpj": "00.396.895/0045-46"
  },
  "empresa_contratada": {
    "razao_social": "LABWARE BRASIL SERVIÇOS DE INFORMATICA LTDA.",
    "cnpj": "13.011.238/0001-64"
  },
  "itens": [
    {
      "descricao": "Horas técnicas para utilização em ações de manutenções evolutivas do sistema LIMS Labware em utilização na Rede LFDA",
      "especificacao": null,
      "unidade_medida": "hora",
      "quantidade": "25.000",
      "valor_unitario": "R$ 277,69",
      "valor_total": "R$ 6.942.250,00",
      "catmat_catser": "26972",
      "tipo": "Serviço",
      "locais_execucao_entrega": "Porto Alegre (RS), São José (SC)"
    }
  ],
  "fonte_preco": "Contrato",
  "referencia_contrato": "01/2024",
  "anexo_contrato": "https://sei.agro.gov.br/sei/controlador.php?acao=documento_imprimir_web&acao_origem=arvore_visualizar&id_documento=46260398&infra_sistema=100000100&infra_unidade_atual=110003218&infra_hash=61cd…",
  "status_extracao": "Sucesso"
}