{
  "numero_contrato": "028/2023",
  "tipo_instrumento": "Contrato",
  "processo_administrativo": "00063-00004797/2023-11",
  "data_celebracao": null,
  "orgao_contratante": {
    "razao_social": "FUNDAÇÃO HEMOCENTRO DE BRASÍLIA",
    "sigla": "FHB",
    "cnpj": "86.743.457/0001-01"
  },
  "empresa_contratada": {
    "razao_social": "LMX DO BRASIL COMÉRCIO DE UTILIDADES LTDA",
    "cnpj": "23.904.788/0001-66"
  },
  "itens": [
    {
      "descricao": "Fabricação e instalação de uma cobertura fixa para vaga de estacionamento (ônibus)",
      "especificacao": "Reta, estrutura em aço carbono, pintura eletrostática na cor branca, revestimento em LONA SINTETICA IMPERMEAVEL. Dimensões: - MODELO RETANGULAR 16m x 5m x 5,5m (altura); - Área total de cobertura = 80m². Especificações da estrutura metálica: - Colunas , tubo de 5”#13 (somente na parte posterior); - Quadro da projeção, tubo 70X30#18; - Travessas, tubo 50X30#18. Especificações das bases: - Aço concretado em base com medidas mínimas de 1m de altura x 0,60 cm x 0,60 cm. Especificações das telas (coberturas): - Lona sintética impermeável de cor a escolha, gramatura 220g , fabricada em polietileno de alta densidade, com aditivos especiais que a torne altamente durável contra raios UV e com grande resistência mecânica.",
      "unidade_medida": "Serviço",
      "quantidade": "1",
      "valor_unitario": "R$21.000,00",
      "valor_total": "R$21.000,00",
      "catmat_catser": "17809",
      "tipo": "Serviço",
      "locais_execucao_entrega": "Brasília (DF)"
    }
  ],
  "fonte_preco": "Contrato",
  "referencia_contrato": "028/2023",
  "anexo_contrato": null,
  "status_extracao": "Sucesso"
}