{
  "numero_contrato": "26/2023",
  "tipo_instrumento": "Contrato",
  "processo_administrativo": "21166.000273/2022-55",
  "data_celebracao": null,
  "orgao_contratante": {
    "razao_social": "INSTITUTO NACIONAL DE METEOROLOGIA",
    "sigla": "INMET",
    "cnpj": "00.396.895/0010-16"
  },
  "empresa_contratada": {
    "razao_social": "MB APOIO E SERVICOS LTDA",
    "cnpj": "41.106.296/0001-07"
  },
  "itens": [
    {
      "descricao": "Monitoramento Eletrônico com Fornecimento de Equipamentos em Comodato para a Estação Meteorológica de Petrolina - PE",
      "especificacao": null,
      "unidade_medida": "Meses",
      "quantidade": "12",
      "valor_unitario": "R$ 635,00",
      "valor_total": "R$ 7.620,00",
      "catmat_catser": "14826",
      "tipo": "Serviço",
      "locais_execucao_entrega": "Petrolina (PE)"
    }
  ],
  "fonte_preco": "Contrato",
  "referencia_contrato": "26/2023",
  "anexo_contrato": "https://sei.agro.gov.br/sei/controlador.php?acao=documento_imprimir_web&acao_origem=arvore_visualizar&id_documento=42276227&infra_si…",
  "status_extracao": "Sucesso"
}