{
  "numero_contrato": "16/2023",
  "tipo_instrumento": "Contrato",
  "processo_administrativo": "21181.001208/2022-59",
  "data_celebracao": "03/07/2023",
  "orgao_contratante": {
    "razao_social": "LABORATÓRIO FEDERAL DE DEFESA AGROPECUÁRIA DO MINISTÉRIO DA AGRICULTURA E PECUÁRIA",
    "sigla": "LFDA/MG",
    "cnpj": "00.396.895/0062-47"
  },
  "empresa_contratada": {
    "razao_social": "PONTUAL SERVICOS EMPRESARIAL LTDA.",
    "cnpj": "22.688.729/0001-35"
  },
  "itens": [
    {
      "descricao": "Recepcionista (7 postos)",
      "especificacao": "Serviços com dedicação exclusiva de mão de obra de Recepcionistas",
      "unidade_medida": "Mês",
      "quantidade": "12",
      "valor_unitario": "R$ 27.992,23",
      "valor_total": "R$ 335.906,75",
      "catmat_catser": "8729",
      "tipo": "Serviço",
      "locais_execucao_entrega": "Pedro Leopoldo (MG)"
    }
  ],
  "fonte_preco": "Contrato",
  "referencia_contrato": "16/2023",
  "anexo_contrato": "Não informado",
  "status_extracao": "Sucesso"
}