{
  "filename": "00396895000125-000113-2024.pdf",
  "success": true,
  "processing_time": 5.450230121612549,
  "error": null,
  "steps_completed": [
    "ai_analysis",
    "json_saved",
    "json_parsed"
  ],
  "extracted_json": "{\n  \"numero_contrato\": \"02/2024\",\n  \"tipo_instrumento\": \"Contrato Administrativo\",\n  \"processo_administrativo\": \"21028.007346/2023-03\",\n  \"data_celebracao\": \"04/04/2024\",\n  \"orgao_contratante\": {\n    \"razao_social\": \"Superintendência de Agricultura e Pecuária em Minas Gerais\",\n    \"sigla\": \"SFA-MG/MAPA\",\n    \"cnpj\": \"00.396.895/0026-83\"\n  },\n  \"empresa_contratada\": {\n    \"razao_social\": \"CXW SERVICOS E NEGOCIOS DE TECNOLOGIA LTD\",\n    \"cnpj\": \"07.342.935/0001-03\"\n  },\n  \"itens\": [\n    {\n      \"descricao\": \"IMPRESSÃO MONOCROMÁTICO\",\n      \"especificacao\": null,\n      \"unidade_medida\": \"cópias/mês/equipamento\",\n      \"quantidade\": \"16564\",\n      \"valor_unitario\": \"R$ 0,086\",\n      \"valor_total\": \"R$ 17.094,05\",\n      \"catmat_catser\": \"26816\",\n      \"tipo\": \"Serviço\",\n      \"locais_execucao_entrega\": \"Belo Horizonte (MG)\"\n    },\n    {\n      \"descricao\": \"IMPRESSÃO POLICROMÁTICO\",\n      \"especificacao\": null,\n      \"unidade_medida\": \"cópias/mês/equipamento\",\n      \"quantidade\": \"1607\",\n      \"valor_unitario\": \"R$ 0,46\",\n      \"valor_total\": \"R$ 8.870,64\",\n      \"catmat_catser\": \"26859\",\n      \"tipo\": \"Serviço\",\n      \"locais_execucao_entrega\": \"Belo Horizonte (MG)\"\n    },\n    {\n      \"descricao\": \"LOCAÇÃO DE EQUIPAMENTO MONOCROMATICO\",\n      \"especificacao\": null,\n      \"unidade_medida\": \"Equipamentos\",\n      \"quantidade\": \"35\",\n      \"valor_unitario\": \"R$ 164,28\",\n      \"valor_total\": \"R$ 68.997,60\",\n      \"catmat_catser\": \"26735\",\n      \"tipo\": \"Serviço\",\n      \"locais_execucao_entrega\": \"Belo Horizonte (MG)\"\n    },\n    {\n      \"descricao\": \"LOCAÇÃO DE EQUIPAMENTO POLICROMATICO\",\n      \"especificacao\": null,\n      \"unidade_medida\": \"Equipamentos\",\n      \"quantidade\": \"12\",\n      \"valor_unitario\": \"R$ 225\",\n      \"valor_total\": \"R$ 32.400,00\",\n      \"catmat_catser\": \"26760\",\n      \"tipo\": \"Serviço\",\n      \"locais_execucao_entrega\": \"Belo Horizonte (MG)\"\n    }\n  ],\n  \"fonte_preco\": \"Contrato\",\n  \"referencia_contrato\": \"02/2024\",\n  \"anexo_contrato\": \"https://sei.agro.gov.br/sei/controlador.php?acao=documento_imprimir_web&acao_origem=arvore_visualizar&id_documento=47209629&infra…\",\n  \"status_extracao\": \"Sucesso\"\n}",
  "moved_pdf_path": "PdfLidos\\00396895000125-000113-2024.pdf"
}