{
  "numero_contrato": "02/2023",
  "tipo_instrumento": "Contrato",
  "processo_administrativo": "21043.001443/2022-13",
  "data_celebracao": "22/12/2017",
  "orgao_contratante": {
    "razao_social": "União, por meio do Laboratório Federal de Defesa Agropecuária/RS",
    "sigla": "LFDA/RS",
    "cnpj": "00.396.895/0045-46"
  },
  "empresa_contratada": {
    "razao_social": "Bruker do Brasil Comércio e Representação de Produtos Científicos Ltda",
    "cnpj": "04.755.378/0001-56"
  },
  "itens": [
    {
      "descricao": "Manutenção preventiva em sistema MALDI-TOF, modelo Autoﬂex Speed, número de série 826442000597, marca Bruker",
      "especificacao": "SERVP0013",
      "unidade_medida": "Serviço",
      "quantidade": "5",
      "valor_unitario": "R$ 15.384,00",
      "valor_total": "R$ 76.920,00",
      "catmat_catser": "16314",
      "tipo": "Serviço",
      "locais_execucao_entrega": "Porto Alegre (RS)"
    },
    {
      "descricao": "Qualificação operacional em sistema MALDI-TOF, modelo Autoﬂex Speed, número de série 826442000597, marca Bruker",
      "especificacao": "DAL08706",
      "unidade_medida": "Serviço",
      "quantidade": "5",
      "valor_unitario": "R$ 25.000,00",
      "valor_total": "R$ 125.000,00",
      "catmat_catser": "16314",
      "tipo": "Serviço",
      "locais_execucao_entrega": "Porto Alegre (RS)"
    },
    {
      "descricao": "Serviço de manutenção preventiva, corretiva e qualificação operacional (BRONZE) em sistema FT-NIR, modelo MPA, número de série 155000 - 1972, marca Bruker",
      "especificacao": null,
      "unidade_medida": "Serviço",
      "quantidade": "5",
      "valor_unitario": "R$ 29.052,00",
      "valor_total": "R$ 145.260,00",
      "catmat_catser": "16314",
      "tipo": "Serviço",
      "locais_execucao_entrega": "Porto Alegre (RS)"
    },
    {
      "descricao": "Serviço de manutenção preventiva, corretiva e qualificação operacional (BRONZE) em sistema FT-NIR, modelo MPA, número de série 155000 - 1973, marca Bruker",
      "especificacao": null,
      "unidade_medida": "Serviço",
      "quantidade": "5",
      "valor_unitario": "R$ 29.052,00",
      "valor_total": "R$ 145.260,00",
      "catmat_catser": "16314",
      "tipo": "Serviço",
      "locais_execucao_entrega": "Porto Alegre (RS)"
    },
    {
      "descricao": "Horas técnicas destinadas à manutenções corretivas. Será considerado o montante de 50 horas técnicas, sendo este quantitativo apenas estimado, pago sob demanda, e prevendo cenários atípicos de manutenção",
      "especificacao": null,
      "unidade_medida": "Horas",
      "quantidade": "250",
      "valor_unitario": "R$ 530,00",
      "valor_total": "R$ 132.500,00",
      "catmat_catser": "16314",
      "tipo": "Serviço",
      "locais_execucao_entrega": "Porto Alegre (RS)"
    },
    {
      "descricao": "Custos de deslocamento para atendimento de manutenções corretivas. Será considerado o montante de 5 chamados anuais, sendo este quantitativo apenas estimado, pago sob demanda, e prevendo cenários atípicos de manutenção. Cabe ressaltar, que para os itens 3 e 4, pela características dos equipamentos, a proposta comercial já engloba dois atendimentos para manutenções corretivas/ano",
      "especificacao": null,
      "unidade_medida": "Deslocamento",
      "quantidade": "25",
      "valor_unitario": "R$ 6.904,00",
      "valor_total": "R$ 172.600,00",
      "catmat_catser": "16314",
      "tipo": "Serviço",
      "locais_execucao_entrega": "Porto Alegre (RS)"
    },
    {
      "descricao": "Custos de cobertura de peças e consumíveis. Será considerado o montante de R$ 300.000,00, sendo este quantitativo apenas estimado, pago sob demanda, e prevendo cenários atípicos de manutenção",
      "especificacao": null,
      "unidade_medida": "Peças",
      "quantidade": "5",
      "valor_unitario": "R$ 300.000,00",
      "valor_total": "R$ 1.500.000,00",
      "catmat_catser": "453625",
      "tipo": "Material",
      "locais_execucao_entrega": "Porto Alegre (RS)"
    }
  ],
  "fonte_preco": "Contrato",
  "referencia_contrato": "02/2023",
  "anexo_contrato": "https://sei.agro.gov .br/sei/controlador .php?acao=documento_imprimir_web&acao_origem=arvore_visualizar&id_documento=41484235&infra_sistema=100000100&infra_unidade_atual=1 10003218&infra_hash=79c",
  "status_extracao": "Sucesso"
}