{
  "numero_contrato": "049952/2023",
  "tipo_instrumento": "Contrato Administrativo",
  "processo_administrativo": "123475086",
  "data_celebracao": "04/10/2023",
  "orgao_contratante": {
    "razao_social": "DISTRITO FEDERAL",
    "sigla": "SES/DF",
    "cnpj": "00.394.700/0001-08"
  },
  "empresa_contratada": {
    "razao_social": "HOSPITAL SANTA MARTA LTDA",
    "cnpj": "00.610.980/0001-44"
  },
  "itens": [
    {
      "descricao": "Consulta médica na Atenção Especializada (Pré e Pós-Cirúrgica e Pré-anestésica)",
      "especificacao": "Consulta médica na Atenção Especializada (Pré e Pós-Cirúrgica e Pré-anestésica)",
      "unidade_medida": "Unidade",
      "quantidade": "90",
      "valor_unitario": "R$ 10,00",
      "valor_total": "R$ 900,00",
      "catmat_catser": "103.01.01.007-2",
      "tipo": "Serviço",
      "locais_execucao_entrega": "BRASÍLIA (DF)"
    },
    {
      "descricao": "Procedimentos Pré-Operatórios realização na Rede de Saúde - Complementação",
      "especificacao": "Procedimentos Pré-Operatórios realização na Rede de Saúde - Complementação",
      "unidade_medida": "Unidade",
      "quantidade": "30",
      "valor_unitario": "R$ 56,56",
      "valor_total": "R$ 1.696,80",
      "catmat_catser": "03.01.04.016-8",
      "tipo": "Serviço",
      "locais_execucao_entrega": "BRASÍLIA (DF)"
    },
    {
      "descricao": "Tratamento cirúrgico de varizes (BILATERAL)",
      "especificacao": "Tratamento cirúrgico de varizes (BILATERAL)",
      "unidade_medida": "Unidade",
      "quantidade": "30",
      "valor_unitario": "R$ 2.781,59",
      "valor_total": "R$ 83.447,70",
      "catmat_catser": "04.06.02.056-6",
      "tipo": "Serviço",
      "locais_execucao_entrega": "BRASÍLIA (DF)"
    }
  ],
  "fonte_preco": "Contrato",
  "referencia_contrato": "049952/2023",
  "anexo_contrato": "https://sei.df.gov.br/sei/controlador.php?acao=documento_imprimir_web&acao_origem=arvore_visualizar&id_documento=138726225&infra_sist…",
  "status_extracao": "Sucesso"
}