{
  "filename": "00396895000125-000197-2024.pdf",
  "success": true,
  "processing_time": 5.983309745788574,
  "error": null,
  "steps_completed": [
    "ai_analysis",
    "json_saved",
    "json_parsed"
  ],
  "extracted_json": "{\n  \"numero_contrato\": \"9/2024\",\n  \"tipo_instrumento\": \"Contrato Administrativo\",\n  \"processo_administrativo\": \"21043.000106/2023-81\",\n  \"data_celebracao\": \"25/06/2024\",\n  \"orgao_contratante\": {\n    \"razao_social\": \"LABORATÓRIO DE DEFESA AGROPECUÁRIA - LFDA/RS\",\n    \"sigla\": \"LFDA/RS\",\n    \"cnpj\": \"00.396.895/0045-46\"\n  },\n  \"empresa_contratada\": {\n    \"razao_social\": \"MARCOS ANDRE REICHERT & CIA LTDA\",\n    \"cnpj\": \"06.941.912/0001-44\"\n  },\n  \"itens\": [\n    {\n      \"descricao\": \"Serviço Preventivo e Corretivo de Desratização\",\n      \"especificacao\": \"Unidade Física Ponta Grossa - UFPG - Área Interna 7.000 m². Aplicações Mensais conforme Cronograma.\",\n      \"unidade_medida\": \"m2\",\n      \"quantidade\": \"420000\",\n      \"valor_unitario\": \"R$ 0,12\",\n      \"valor_total\": \"R$ 50.400,00\",\n      \"catmat_catser\": \"3417\",\n      \"tipo\": \"Serviço\",\n      \"locais_execucao_entrega\": \"Porto Alegre (RS)\"\n    },\n    {\n      \"descricao\": \"Serviço Preventivo e Corretivo de Desinsetização\",\n      \"especificacao\": \"Unidade Física Ponta Grossa - UFPG - Área Interna 7.000 m² e Área Externa 6.000m². Aplicações Trimestrais conforme Cronograma.\",\n      \"unidade_medida\": \"m2\",\n      \"quantidade\": \"260000\",\n      \"valor_unitario\": \"R$ 0,12\",\n      \"valor_total\": \"R$ 31.200,00\",\n      \"catmat_catser\": \"3417\",\n      \"tipo\": \"Serviço\",\n      \"locais_execucao_entrega\": \"Porto Alegre (RS)\"\n    },\n    {\n      \"descricao\": \"Serviço Preventivo e Corretivo de Descupinização\",\n      \"especificacao\": \"Unidade Física Ponta Grossa - UFPG - Área Interna 7.000 m². Aplicações Semestrais conforme Cronograma.\",\n      \"unidade_medida\": \"m2\",\n      \"quantidade\": \"70000\",\n      \"valor_unitario\": \"R$ 0,12\",\n      \"valor_total\": \"R$ 8.400,00\",\n      \"catmat_catser\": \"3417\",\n      \"tipo\": \"Serviço\",\n      \"locais_execucao_entrega\": \"Porto Alegre (RS)\"\n    }\n  ],\n  \"fonte_preco\": \"Contrato\",\n  \"referencia_contrato\": \"9/2024\",\n  \"anexo_contrato\": \"https://sei.agro.gov.br/sei/controlador.php?acao=documento_imprimir_web&acao_origem=arvore_visualizar&id_documento=48970738&infra_sist… 1/6\",\n  \"status_extracao\": \"Sucesso\"\n}",
  "moved_pdf_path": "PdfLidos\\00396895000125-000197-2024.pdf"
}