{
  "filename": "00394684000153-000042-2024.pdf",
  "success": true,
  "processing_time": 8.086031198501587,
  "error": null,
  "steps_completed": [
    "ai_analysis",
    "json_saved",
    "json_parsed"
  ],
  "extracted_json": "{\n  \"numero_contrato\": \"17/2024\",\n  \"tipo_instrumento\": \"Contrato\",\n  \"processo_administrativo\": \"04043-00000298/2024-98\",\n  \"data_celebracao\": \"24/04/2024\",\n  \"orgao_contratante\": {\n    \"razao_social\": \"DISTRITO FEDERAL\",\n    \"sigla\": \"VGDF\",\n    \"cnpj\": \"07.187.000/0001-91\"\n  },\n  \"empresa_contratada\": {\n    \"razao_social\": \"JLIRIC COMERCIO DE ARTIGOS DE DECORAÇÃO DE MESA LTDA\",\n    \"cnpj\": \"25.244.227/0001-03\"\n  },\n  \"itens\": [\n    {\n      \"descricao\": \"Sousplat de plástico com 2 cm de altura, 0.34 kg e diâmetro de 33 cm, cor verde qualidade semelhante a home style ou superior\",\n      \"especificacao\": \"Sousplat de plástico com 2 cm de altura, 0.34 kg e diâmetro de 33 cm, cor verde qualidade semelhante a home style ou superior\",\n      \"unidade_medida\": \"UN\",\n      \"quantidade\": \"15\",\n      \"valor_unitario\": \"R$ 20,99\",\n      \"valor_total\": \"R$ 314,85\",\n      \"catmat_catser\": \"466017\",\n      \"tipo\": \"Material\",\n      \"locais_execucao_entrega\": \"Brasília (DF)\"\n    },\n    {\n      \"descricao\": \"Sousplat de plástico com 2 cm de altura, 0.34 kg e diâmetro de 33 cm, cor azul qualidade semelhante a home style ou superior\",\n      \"especificacao\": \"Sousplat de plástico com 2 cm de altura, 0.34 kg e diâmetro de 33 cm, cor azul qualidade semelhante a home style ou superior\",\n      \"unidade_medida\": \"UN\",\n      \"quantidade\": \"15\",\n      \"valor_unitario\": \"R$ 20,99\",\n      \"valor_total\": \"R$ 341,85\",\n      \"catmat_catser\": \"466017\",\n      \"tipo\": \"Material\",\n      \"locais_execucao_entrega\": \"Brasília (DF)\"\n    },\n    {\n      \"descricao\": \"Jogo americano Poliéster e Linho Branco 45x30cm; Qualidade semelhante a linha Levis Lyor ou superior\",\n      \"especificacao\": \"Jogo americano Poliéster e Linho Branco 45x30cm; Qualidade semelhante a linha Levis Lyor ou superior\",\n      \"unidade_medida\": \"UN\",\n      \"quantidade\": \"30\",\n      \"valor_unitario\": \"R$ 26,63\",\n      \"valor_total\": \"R$ 798,90\",\n      \"catmat_catser\": \"247451\",\n      \"tipo\": \"Material\",\n      \"locais_execucao_entrega\": \"Brasília (DF)\"\n    },\n    {\n      \"descricao\": \"Guardanapos de tecido 100% algodão, cor branca 11x22 cm;\",\n      \"especificacao\": \"Guardanapos de tecido 100% algodão, cor branca 11x22 cm;\",\n      \"unidade_medida\": \"UN\",\n      \"quantidade\": \"30\",\n      \"valor_unitario\": \"R$ 8,99\",\n      \"valor_total\": \"R$ 269,70\",\n      \"catmat_catser\": \"450174\",\n      \"tipo\": \"Material\",\n      \"locais_execucao_entrega\": \"Brasília (DF)\"\n    },\n    {\n      \"descricao\": \"Toalha de mesa no formato retangular, para mesas de 06 lugares com as dimensões 1,60 M X 2,20 M; Tecido 67% poliéster 33% algodão cor branca, qualidade semelhante a linha Cosmpolita Karsten ou superior\",\n      \"especificacao\": \"Toalha de mesa no formato retangular, para mesas de 06 lugares com as dimensões 1,60 M X 2,20 M; Tecido 67% poliéster 33% algodão cor branca, qualidade semelhante a linha Cosmpolita Karsten ou superior\",\n      \"unidade_medida\": \"UN\",\n      \"quantidade\": \"8\",\n      \"valor_unitario\": \"R$ 149,99\",\n      \"valor_total\": \"R$ 1.199,92\",\n      \"catmat_catser\": \"264939\",\n      \"tipo\": \"Material\",\n      \"locais_execucao_entrega\": \"Brasília (DF)\"\n    }\n  ],\n  \"fonte_preco\": \"Contrato\",\n  \"referencia_contrato\": \"17/2024\",\n  \"anexo_contrato\": \"https://sei.df.gov.br/sei/controlador.php?acao=documento_imprimir_web&acao_origem=arvore_visualizar&id_documento=155666028&infra_sist…\",\n  \"status_extracao\": \"Sucesso\"\n}",
  "moved_pdf_path": "PdfLidos\\00394684000153-000042-2024.pdf"
}